volume_1w,vw,open_1w,close_1w,high_1w,low_1w,t,transactions_1w,timestamp,sma20_1w,sma50_1w,sma100_1w,sma200_1w,close_over_sma20_1w,close_over_sma50_1w,close_over_sma100_1w,close_over_sma200_1w,rsi14_1w,macd_1w,macd_signal_1w,macd_hist_1w,bb_upper_1w,bb_lower_1w,prev_close_1w,tr_1w,atr14_1w,obv_1w,news_count,avg_sentiment,cash_amount,log_return_1w,ret_5_1w,vol_5_1w,avg_vol_20_1w,vol_ratio_1w,cum_vol_price_1w,cum_vol_1w,vwap_1w,stoch_k_1w,stoch_d_1w,dow_1w,month_1w,avg_sentiment_lag1_1w,sentiment_5d_ma_1w,close_lag1_1w,close_lag2_1w,close_lag3_1w,close_lag4_1w,close_lag5_1w,ema12_1w,ema26_1w,ema_diff_1w,ema_cross_1w,upper_atr_band_1w,lower_atr_band_1w,cmf20_1w,plus_di14_1w,minus_di14_1w,adx14_1w,cci20_1w,vpt_1w,roll_skew_10_1w,roll_kurt_10_1w,ret_10_1w,ret_20_1w,ret_50_1w,mom_vol_ratio_1w,vol_spike_1w,is_day_end_1w,is_week_end_1w,is_month_end_1w,is_quarter_end_1w,is_year_end_1w
257104290.0,440.9087,442.92,438.55,444.08,437.06,1688270400000,1766968,2023-07-02,,,,,0,0,0,0,,0.0,0.0,0.0,,,,7.019999999999982,,0.0,0.0,0.0,,,,,,,112753086379.5,257104290.0,438.55,,,6,7,,,,,,,,438.55,438.55,0.0,0,,,-0.5754985754985719,0.0,0.0,0.0,0.0,0.0,,,,,,,0,1,0,0,0,0
360474244.0,445.0832,438.18,449.28,451.36,437.585,1688875200000,2394232,2023-07-09,,,,,0,0,0,0,,0.855954415954443,0.1711908831908886,0.6847635327635544,,,438.55,13.775000000000034,,360474244.0,0.0,0.0,,0.0241724710000009,,,,,274706954723.82,617578534.0,444.81299073749864,,,6,7,0.0,,438.55,,,,,440.20076923076925,439.3448148148148,0.855954415954443,1,,,0.16783157508334604,35.00841546765656,0.0,49.999999985717714,66.66666645085874,8819720.98533803,,,,,,,0,1,0,0,0,0
340580117.0,453.1586,449.13,452.18,456.43,449.08,1689480000000,2416362,2023-07-16,,,,,0,0,0,0,,1.7481585376742146,0.4865844140875539,1.2615741235866609,,,449.28,7.350000000000023,,701054361.0,0.0,0.0,,0.0064340292507785,,,,,428710472028.88,958158651.0,447.4316143589043,,,6,7,0.0,,449.28,438.55,,,,442.0437278106509,440.2955692729767,1.7481585376742146,1,,,0.052560327592218535,43.87990760565648,0.0,66.66666664954865,99.9999997650744,11018088.015475137,,,,,,,0,1,0,0,0,0
351858172.0,455.2677,453.37,456.92,459.44,451.55,1690084800000,2467387,2023-07-23,,,,,0,0,0,0,,2.8053764844612488,0.9503428281622928,1.855033656298956,,,452.18,7.889999999999986,,1052912533.0,0.0,0.0,,0.0104279902175761,,,,,589481507979.12,1310016823.0,449.98010531588415,,,6,7,0.0,,452.18,449.28,438.55,,,444.3323850705508,441.52700858608955,2.8053764844612488,1,,,0.13546252826165092,42.62522546340358,0.0,74.99999998129643,86.79914293542296,14706459.317346059,1.3800324646377953,,,,,,0,1,0,0,0,0
375422186.0,452.1225,457.41,446.81,458.16,446.27,1690689600000,2628892,2023-07-30,,,,,0,0,0,0,,2.7952153147421654,1.3193173254782675,1.475897989263898,,,456.92,11.890000000000043,,677490347.0,0.0,0.0,,-0.0223748725424671,,,,,757223894905.78,1685439009.0,449.27398194910296,,,6,7,0.0,0.0,456.92,452.18,449.28,438.55,,444.7135565981584,441.9183412834162,2.7952153147421654,1,,,-0.09722298390879225,32.05007824057378,11.01721439519729,69.76744184323427,19.863654426419465,6399713.496502141,-1.0819835859291054,1.9896533476935367,,,,,0,1,0,0,0,0
370080260.0,447.319,448.71,445.65,451.7,443.345,1691294400000,2714190,2023-08-06,,,,,0,0,0,0,,2.6628643662186846,1.588026733626351,1.0748376325923337,,,446.81,8.354999999999961,,307410087.0,0.0,0.0,,-0.0025995577465529,0.0161897161099076,0.0172500404477798,,,922150162774.78,2055519269.0,448.62151218042413,,,6,8,0.0,0.0,446.81,456.92,452.18,449.28,438.55,444.8576248138263,442.1947604476076,2.6628643662186846,1,,,-0.160419894017455,27.29211086935109,14.578891255405278,63.20000590570902,-26.656440349420212,5438917.852716189,-0.5949872916145861,0.8317036945305816,,,,0.9385315224971603,0,1,0,0,0,0
396847146.0,440.4665,444.7,436.5,448.11,433.01,1691899200000,2733543,2023-08-13,,,,,0,0,0,0,,1.7989100405525278,1.6302033950115864,0.1687066455409414,,,445.65,15.100000000000025,,-89437059.0,0.0,0.0,,-0.0207455152970693,-0.0284455128205127,0.0151768965793789,,,1095373942003.78,2452366415.0,446.659983314027,,,6,8,0.0,0.0,445.65,446.81,456.92,452.18,449.28,443.57183638092994,441.7729263403774,1.7989100405525278,1,,,-0.22147998589909645,21.518632667201093,25.973662086582575,55.51150948653291,-110.41811856444532,-2709071.3448603516,-0.035001985387258044,-1.3312272663636442,,,,-1.8742628922261446,0,1,0,0,0,0
392874256.0,439.5003,437.55,439.97,445.22,435.0,1692504000000,2706188,2023-08-20,,,,,0,0,0,0,,1.378331465850522,1.5798290091793736,-0.2014975433288517,,,436.5,10.220000000000027,,303437197.0,0.0,0.0,,0.0079181674899824,-0.0270025211199079,0.0154866436851547,,,1268226828416.1,2845240671.0,445.7362223668635,,,6,8,0.0,0.0,436.5,445.65,446.81,456.92,452.18,443.0177077069407,441.6393762410902,1.378331465850522,1,,,-0.19468080957296002,18.8235294094579,22.720588232509737,49.74513717211546,-83.04736868950496,414121.4806150617,-0.3102326378377675,-0.9011792805018721,,,,-1.743599467572014,0,1,0,0,0,0
338755881.0,448.4571,442.24,451.19,453.67,439.9728,1693108800000,2389412,2023-08-27,,,,,0,0,0,0,,1.928153591473176,1.6494939256381342,0.278659665835042,,,439.97,13.699999999999989,,642193078.0,0.0,0.0,,0.0251819940480368,-0.012540488488138,0.020017164118957,,,1421070094364.49,3183996552.0,446.31646773356493,,,6,8,0.0,0.0,439.97,436.5,445.65,446.81,456.92,444.27498344433445,442.3468298528613,1.9281535914731762,1,,,-0.10610168913029677,24.984260228228287,19.454354667423477,45.60055745453004,23.860577456782202,9052985.45956814,-0.41424557077350477,-0.967536895073924,,,,-0.6264864567602324,0,1,0,0,0,0
257810185.0,446.4014,450.73,445.52,451.06,442.75,1693713600000,1880666,2023-09-03,,,,,0,0,0,0,,1.8846449595083072,1.696524132412169,0.1881208270961383,,,451.19,8.439999999999998,,384382893.0,0.0,0.0,,-0.012646397536263,-0.0028871332333654,0.0179737568631565,,,1535929687985.69,3441806737.0,446.25680793584024,,,6,9,0.0,0.0,451.19,439.97,436.5,445.65,446.81,444.4665244528984,442.5818794933901,1.8846449595083072,1,,,-0.12312258446415357,22.951609791502626,17.871602080405676,42.2848936804369,-2.1588821602044277,5813144.707445969,-0.09814326447731668,-1.2835563023453345,,,,-0.16063039291355144,0,1,0,0,0,0
382598960.0,446.9332,448.24,443.37,451.08,442.92,1694318400000,2520930,2023-09-10,,,,,0,0,0,0,,1.6575695930457073,1.6887332245388766,-0.0311636314931693,,,445.52,8.159999999999968,,1783933.0,0.0,0.0,,-0.004837503386822,-0.0051161225176707,0.0180643126392868,,,1705562588880.89,3824405697.0,445.9680075831897,,,6,9,0.0,0.0,445.52,451.19,439.97,436.5,445.65,444.2978283832217,442.640258790176,1.6575695930457073,1,,,-0.19981266280905602,21.295799819365858,16.568364609779426,39.575835072545765,-12.215394323839396,3966790.415831716,0.039905196293589115,-1.0553142710862369,0.010990765021092308,,,-0.2832169586333678,0,1,0,0,0,0
407842973.0,437.488,443.05,430.42,444.97,429.99,1694923200000,2680775,2023-09-17,,,,,0,0,0,0,,0.4277234273778845,1.4365312651066784,-1.008807837728794,,,443.37,14.980000000000018,,-406059040.0,0.0,0.0,,-0.029643159725152,-0.0139289805269186,0.0207336028529698,,,1881106361319.5496,4232248670.0,444.4697152730276,,,6,9,0.0,0.0,443.37,445.52,451.19,439.97,436.5,442.16277786272605,441.73505443534816,0.4277234273778845,1,,,-0.2713908213966696,18.781525849717703,24.802963428057787,37.42914477765868,-149.32955033841327,-7945532.250000431,0.1250433952721961,-0.7612820818908556,-0.04197827635327622,,,-0.671806723974952,0,1,0,0,0,0
478362544.0,427.7904,429.17,427.48,432.27,422.29,1695528000000,3176236,2023-09-24,,,,,0,0,0,0,,-0.7752355164060418,0.9941779088041344,-1.769413425210176,,,430.42,9.97999999999996,,-884421584.0,0.0,0.0,,-0.0068539725127429,-0.0283882992022183,0.0198575084088401,,,2085596781628.67,4710611214.0,442.7444097764316,,,6,9,0.0,0.0,430.42,443.37,445.52,451.19,439.97,439.9038889607682,440.67912447717424,-0.7752355164060418,0,,,-0.23976094484187052,17.41195382015109,28.620488087927782,36.42299566737085,-186.0603771550623,-11213005.600123553,0.3952913275528568,-0.31033936870923434,-0.05462426467336012,,,-1.4295995409769076,0,1,0,0,0,0
458291827.0,424.5472,426.62,429.54,431.125,420.18,1696132800000,3325885,2023-10-01,,,,,0,0,0,0,,-1.5445596402663,0.4864303989900475,-2.0309900392563476,,,427.48,10.944999999999991,10.5575,-426129757.0,0.0,0.0,,0.0048073649794526,-0.047984219508411,0.012733101516513,,,2282451452998.25,5168903041.0,441.5736636755864,23.841059602649047,,6,10,0.0,0.0,427.48,430.42,443.37,445.52,451.19,438.3094445052654,439.8540041455317,-1.5445596402663,0,450.65500000000003,408.425,-0.15551922898800416,16.122593957164995,27.928689825924124,35.73569587986987,-152.23271646018222,-9004525.288483236,0.46666972994783057,0.13728667628426194,-0.059922962444191485,,,-3.7684598494391905,0,1,0,0,0,0
397180728.0,433.3404,427.58,431.5,437.335,427.0101,1696737600000,2795087,2023-10-08,,,,,0,0,0,0,45.65940155153305,-1.9733513653389425,-0.0055259538757504,-1.967825411463192,,,429.54,10.324899999999955,10.793564285714284,-28949029.0,0.0,0.0,,0.004552641887334,-0.031468845394146,0.0140397402582126,,,2453834937130.25,5566083769.0,440.8548342007984,28.833418237391736,,6,10,0.0,0.0,429.54,427.48,430.42,443.37,445.52,437.2618376583015,439.23518902364043,-1.9733513653389423,0,453.0871285714286,409.9128714285714,-0.15371803234898632,19.87957109230567,27.317866001677086,36.86140696047425,-93.43493835780458,-7192181.323124928,0.08527048745203086,0.43184699500702195,-0.0342651238781585,,,-2.241410624504392,0,1,0,0,0,0
488441031.0,430.2108,433.82,421.19,438.14,421.08,1697342400000,3425017,2023-10-15,,,,,0,0,0,0,32.61542270082933,-3.109261105890596,-0.6262729842787196,-2.4829881216118763,,,431.5,17.060000000000002,11.02820714285714,-517390060.0,0.0,0.0,,-0.0241834722359089,-0.0500259377044004,0.0160281841261961,,,2659561414977.14,6054524800.0,439.2683988968284,2.572592969943941,18.415690269994908,6,10,0.0,0.0,431.5,429.54,427.48,430.42,443.37,434.78924724933205,437.89850835522265,-3.109261105890596,0,443.24641428571425,399.13358571428574,-0.22095040476798444,14.741419566660428,30.577499643409418,32.214524119966214,-123.06657693883601,-18862695.8761029,0.29223073506188807,-0.347727123751267,-0.05488612139571403,,,-3.12112127607933,0,1,0,0,0,0
486746094.0,417.355,419.61,410.68,424.82,409.21,1697947200000,3648768,2023-10-22,,,,,0,0,0,0,26.52714932126696,-4.80219026323573,-1.4614564400701218,-3.340733823165608,,,421.19,15.610000000000014,11.61820714285714,-1004136154.0,0.0,0.0,,-0.0252697158568097,-0.0458621811254124,0.0147767221114979,,,2859458300861.06,6541270894.0,437.1410918761837,2.926537925542558,11.444183044292744,6,10,0.0,0.0,421.19,431.5,429.54,427.48,430.42,431.08013228789633,435.88232255113206,-4.80219026323573,0,433.91641428571427,387.44358571428575,-0.26490596018490087,10.875786710952063,36.322361021013116,28.92269193983416,-185.95383250450362,-31008524.238457188,0.25548255545174836,-0.5255379479866958,-0.05915234822451321,,,-3.103675479758251,0,1,0,0,0,0
458722374.0,423.5398,413.56,434.69,436.29,412.22,1698552000000,3212239,2023-10-29,,,,,0,0,0,0,39.676790192254096,-4.15850581086238,-2.0008663142285736,-2.157639496633806,,,410.68,25.610000000000017,12.883921428571426,-545413780.0,0.0,0.0,,0.0568188109285472,0.0168662861420416,0.033315402266118,,,3058860329615.12,6999993268.0,436.9804673382323,52.05311542390193,19.18408210646281,6,10,0.0,0.0,410.68,421.19,431.5,429.54,427.48,431.6354965512969,435.7940023621593,-4.15850581086238,0,460.45784285714285,408.92215714285715,-0.19072652384831187,14.497582534238534,32.75405835109246,24.5395992474827,-82.25515379146663,-4189774.360839613,1.2477101372605006,1.6433857744375868,-0.012000818237607125,,,0.5062607662578658,0,1,0,0,0,0
365832678.0,436.459,435.47,440.61,440.93,433.4,1699156800000,2653338,2023-11-05,,,,,0,0,0,0,47.00425202937766,-3.134553538366333,-2.2276037590561257,-0.9069497793102076,,,434.69,7.53000000000003,12.572492857142851,-179581102.0,0.0,0.0,,0.0135269970745695,0.02577175583182,0.0336377394923528,,,3220049865868.7,7365825946.0,437.16073247934173,70.62528115159697,41.868311500347154,6,11,0.0,0.0,434.69,410.68,421.19,431.5,429.54,433.0161893895589,436.15074292792525,-3.134553538366333,0,465.75498571428574,415.4650142857143,-0.1358089453597001,17.492837253124982,30.56565097440244,22.994218795055396,-5.142486357629686,792464.5997070242,1.4542211370031612,2.878006850167126,-0.023449101265542227,,,0.7661557690617485,0,1,0,0,0,0
376499014.0,448.1055,439.23,450.79,451.42,438.42,1699765200000,2562948,2023-11-12,439.142,,,,1,0,0,0,52.28444444444447,-1.484510549506297,-2.07898511714616,0.5944745676398635,462.331782323483,415.95221767651697,440.61,13.0,12.904278571428572,196917912.0,0.0,0.0,,0.0228414686995409,0.0447045191193511,0.0345469042936628,387116248.0,0.9725735252528072,3389771856389.7603,7742324960.0,437.82350571730075,93.52226720647774,72.06688792732554,6,11,0.0,0.0,440.61,434.69,410.68,421.19,431.5,435.75062179116526,437.23513234067156,-1.4845105495062967,0,476.59855714285715,424.9814428571429,-0.08528930078966353,22.84956429053432,28.160704172416803,21.569152880093917,58.05459895646954,9491223.053940935,0.9332523379207687,1.1270453374978737,0.011828874124618416,,,1.2940235049458986,0,1,0,0,0,0
207973220.0,453.9859,450.53,455.3,456.38,450.52,1700370000000,1564580,2023-11-19,439.9795,,,,1,0,0,0,58.71500092712777,0.1849477528712668,-1.6261985431426749,1.8111462960139415,464.2633083157438,415.6956916842562,450.79,5.860000000000014,12.24427857142857,404891132.0,0.0,0.0,,0.0099549432073147,0.0809848286996368,0.0294020563642422,384659694.5,0.5406680839549203,3484462063455.7603,7950298180.0,438.2806763426023,97.7104091583634,87.28598583881269,6,11,0.0,0.0,450.79,440.61,434.69,410.68,421.19,438.7582184386783,438.573270685807,0.18494775287126686,1,479.78855714285714,430.8114428571429,-0.04953211708647433,26.97469780189026,23.64958794027712,21.368272875946815,100.75479853964599,11571924.09478036,0.7234951993464845,0.8004786638580056,0.02690754899970682,0.03819404856914832,,2.754392419103162,0,1,0,0,0,0
344373888.0,455.85,454.65,459.1,459.65,453.34,1700974800000,2439770,2023-11-26,440.4705,,,,1,0,0,0,58.84092799704224,1.7939541407412776,-0.9421680063658844,2.736122147107162,465.91543950308767,415.0255604969123,455.3,6.310000000000002,11.964992857142857,749265020.0,0.0,0.0,,0.0083115089144399,0.1179020161683062,0.0201052540301289,383854676.7,0.8971465215966197,3642564115436.56,8294672068.0,439.1450422120003,98.9095955590802,96.71409064130712,6,11,0.0,0.0,455.3,450.79,440.61,434.69,410.68,441.88772329426627,440.093769153525,1.7939541407412776,1,483.0299857142857,435.17001428571433,-0.04537291418774765,29.556462034210693,24.20161435090099,21.40973570594294,113.52117156736817,14446118.635522708,0.7379065098891225,1.6272472498363117,0.0666325914223318,0.021857193732193858,,5.864236151866656,0,1,0,0,0,0
360593892.0,457.1842,455.6,460.2,460.745,454.31,1701579600000,2471399,2023-12-03,440.8715,,,,1,0,0,0,54.59365759151627,3.121877047012731,-0.1293589956901614,3.2512360427028923,467.326181229366,414.41681877063405,459.1,6.435000000000002,11.446064285714284,1109858912.0,0.0,0.0,,0.002393126346089,0.0586855000115025,0.0075528455663922,384855365.45,0.936959503158721,3808509424534.96,8655265960.0,440.0222294884812,98.94246628504897,98.52082366749752,6,12,0.0,0.0,459.1,455.3,450.79,440.61,434.69,444.70499663360994,441.5831195865972,3.121877047012731,1,483.09212857142853,437.30787142857145,0.0005807653626385798,26.30660944427518,25.298839462266926,20.660372610876305,115.26102664391635,15310098.773183307,0.6527833955085751,1.8462172140059374,0.07654159258912685,0.017736299703657865,,7.769975143260289,0,1,0,0,0,0
486422865.0,467.554,459.69,469.33,473.73,459.47,1702184400000,2944190,2023-12-10,441.492,,,,1,0,0,0,61.72559834531667,4.8550146283135405,0.8675157291105791,3.9874988992029614,470.0316113277116,412.95238867228846,460.2,14.259999999999993,11.86177857142857,1596281777.0,0.0,0.0,,0.0196449681506638,0.0651823608179569,0.0084273771763118,391583600.1,1.2421941697144123,4036802267765.41,9141688825.0,441.5816754477431,93.1804091754494,97.01082367319286,6,12,0.0,0.0,460.2,459.1,455.3,450.79,440.61,448.4934586899776,443.6384440616641,4.8550146283135405,1,493.05355714285713,445.60644285714284,0.008123324992259482,33.203885948613824,24.41220269759524,20.8614552640967,162.17003184180479,24960339.445608296,0.4113285409879792,1.3509426246786274,0.09263398053731886,0.027160115556333686,,7.73458718037488,0,1,0,0,0,0
381854933.0,472.314,470.98,473.65,475.895,467.82,1702789200000,2629279,2023-12-17,442.834,,,,1,0,0,0,64.59980713596914,6.502173535277848,1.9944472903440331,4.5077262449338145,474.750853426232,410.917146573768,469.33,8.074999999999989,11.855707142857142,1978136710.0,0.0,0.0,,0.0091625065696138,0.0507109740677476,0.006212639504662,391905237.45,0.9743552688517406,4217667856780.861,9523543758.0,442.8674833606891,96.63342580790282,96.2521004228004,6,12,0.0,0.0,469.33,460.2,459.1,455.3,450.79,452.36369581459644,445.8615222793186,6.502173535277848,1,497.36141428571426,449.9385857142857,0.07329198059383829,34.513215152285696,24.424704435632016,21.192307591646223,168.74344006957665,28475165.49670236,0.3409111738225012,1.3515096361063843,0.0976825028968713,0.06007027595622305,,8.16253581176499,0,1,0,0,0,0
322677528.0,475.7435,474.07,475.31,477.55,473.3,1703394000000,1753593,2023-12-24,444.317,,,,1,0,0,0,74.28849691591819,7.851005459135592,3.165758924102345,4.685246535033247,479.3854480169253,409.2485519830747,473.65,4.25,11.089278571428569,2300814238.0,0.0,0.0,,0.0034985704206688,0.0439490445859871,0.0068363148642155,389535100.85,0.8283657295475789,4371039712614.541,9846221286.0,443.9306801716482,96.7222709979514,95.51203532710122,6,12,0.0,0.0,473.65,469.33,460.2,459.1,455.3,455.8938964585047,448.0428909993691,7.8510054591355924,1,497.48855714285713,453.1314428571429,0.09278887122588039,37.96459772032288,17.78429486796553,22.791094745497613,158.15444020976102,29606052.64223175,0.6068190798063302,3.1159018243313352,0.12849307913293284,0.06655447099741951,,6.42875308867149,0,1,0,0,0,0
396884511.0,470.0273,472.16,467.92,473.67,466.43,1703998800000,2413201,2023-12-31,445.888,,,,1,0,0,0,70.87549039851332,8.228796790259082,4.178366497333693,4.050430292925389,482.2723995487945,409.5036004512056,475.31,8.879999999999995,11.010707142857145,1903929727.0,0.0,0.0,,-0.0156698816074419,0.0192115007623612,0.0128546272204065,389536969.1,1.0188622453909215,4556749913001.66,10243105797.0,444.8601823810353,85.90869183494294,93.0881295469324,6,12,0.0,0.0,475.31,473.65,469.33,460.2,459.1,457.7440662341194,449.5152694438603,8.228796790259082,1,489.9414142857143,445.89858571428573,0.09020560672181699,38.23550971890118,17.372765080134844,23.73167560667959,112.6032015665095,23435392.365170497,1.2648795192449238,3.560846713551129,0.13937859160416877,0.07198167239404363,,1.4945190932236732,0,1,0,1,1,1
343517586.0,474.535,468.43,476.68,478.6,468.3,1704603600000,2489786,2024-01-07,447.72349999999994,,,,1,0,0,0,72.759752800309,9.129815106207616,5.1686562191084775,3.9611588870991383,486.4775418401406,408.9694581598593,467.92,10.680000000000009,10.991778571428572,2247447313.0,0.0,0.0,,0.0185480650878351,0.0358105171664493,0.0143536251050498,387069135.6,0.8874837965768304,4720497875896.141,10586623383.0,445.8926803305685,97.2330306960657,93.28799784298668,6,1,0.0,0.0,467.92,475.31,473.65,469.33,460.2,460.65728681348565,451.52747170727804,9.129815106207616,1,498.66355714285714,454.69644285714287,0.12000194013339542,41.5050469512275,16.03152745876749,24.97973367580349,119.63822535153358,29866436.247372605,-1.169451727859286,2.10739051225658,0.09659757528353552,0.08343750710275688,,2.4948744275832038,0,1,0,0,0,0
356349472.0,475.8353,475.26,482.43,482.72,469.87,1705208400000,2279823,2024-01-14,449.28550000000007,,,,1,0,0,0,73.7214718211458,10.190387118916988,6.17300239907018,4.017384719846808,491.0306856537154,407.54031434628473,476.68,12.850000000000025,11.172142857142862,2603796785.0,0.0,0.0,,0.0119904263114375,0.0279121300577418,0.0130188423255119,387948815.15,0.9185476487722172,4892411551673.101,10942972855.0,447.0824899686823,99.60549585090462,94.2490727939711,6,1,0.0,0.0,476.68,467.92,475.31,473.65,469.33,464.0069349960263,453.8165478771093,10.190387118916988,1,504.7742857142857,460.0857142857143,0.13573437711315545,39.49875327411937,15.772712741143637,26.92019272383698,117.03682375226724,34164937.26272881,-1.1411163130909165,2.1328326019224852,0.09491386940832025,0.06923912320751802,,2.143977776216484,0,1,0,0,0,0
356194165.0,485.9381,484.01,487.41,489.12,482.78,1705813200000,2585029,2024-01-21,451.38,,,,1,0,0,0,82.4544207018232,11.302454797035011,7.1988928786631465,4.103561918371865,496.4044317302459,406.355568269754,482.43,6.689999999999998,10.431428571428578,2959990950.0,0.0,0.0,,0.0102698254757256,0.0290509870157289,0.0131057232016835,392868014.15,0.906650967171897,5066024149635.751,11299167020.0,448.3537716248176,97.86009260417973,98.23287305038336,6,1,0.0,0.0,482.43,476.68,467.92,475.31,473.65,467.6074065350992,456.3049517380642,11.302454797035011,1,508.27285714285716,466.5471428571429,0.16585062516963445,46.68583949283168,12.832100793424258,28.487067676675032,127.77738499355412,37841837.417569906,-1.4516465002081818,3.303001560393158,0.08123516493267369,0.09402495959777357,,2.2166624765409653,0,1,0,0,0,0
436112027.0,488.7853,487.73,494.35,496.05,482.86,1706418000000,3003705,2024-01-28,453.929,,,,1,0,0,0,92.49365159979686,12.598548222374916,8.2788239474055,4.319724274969415,502.663533697747,405.1944663022529,487.41,13.189999999999998,10.258571428571432,3396102977.0,0.0,0.0,,0.0141381103333733,0.0400580673665609,0.0135108503012944,395543667.5,1.10256354186229,5281616130183.201,11735279047.0,450.0631053620655,97.97208636526304,98.4792249401158,6,1,0.0,0.0,487.41,482.43,476.68,467.92,475.31,471.7216516835455,459.12310346117056,12.598548222374916,1,514.8671428571429,473.83285714285716,0.24867591101535594,52.297730117511634,4.7834563427946355,30.58174375660215,125.90756209441868,44051429.89080601,-1.4950905311444005,3.154722345810619,0.08576762574126962,0.11498297133319801,,2.9648791026818007,0,1,0,0,0,0
317900881.0,496.2243,493.695,501.2,501.65,490.23,1707022800000,2369689,2024-02-04,457.468,,,,1,0,0,0,90.90909090909092,14.01687158157432,9.426433474239266,4.590438107335055,509.20192274035736,405.73407725964256,494.35,11.41999999999996,9.245,3714003858.0,0.0,0.0,,0.0137614546787712,0.0711232689348606,0.0030975614975914,391046562.9,0.8129489200530191,5440948051740.401,12053179928.0,451.41183357769927,99.34065934065936,98.39094610336736,6,2,0.0,0.0,494.35,487.41,482.43,476.68,467.92,476.25678219376925,462.23991061219493,14.016871581574321,1,519.6899999999999,482.71,0.33813361905818207,53.49609827292771,5.307888433492401,33.67534942896836,131.40835282564797,48456448.67274189,-1.6077830137212155,3.2457243782101597,0.09170115443258542,0.1644440314111797,,22.96097733019703,0,1,0,0,0,0
375177997.0,498.2224,501.17,499.51,503.5,490.715,1707627600000,2802354,2024-02-11,461.06949999999995,,,,1,0,0,0,88.21697378665975,14.833542343550164,10.507855248101446,4.325687095448718,514.0277311976047,408.1112688023952,501.2,12.785000000000023,9.620357142857143,3338825861.0,0.0,0.0,,-0.0033776051136829,0.0478937652093647,0.0072834845261496,385887335.55,0.9722474992999288,5628353213021.871,12428357925.0,452.863785142547,93.86908420405652,97.06060996999298,6,2,0.0,0.0,501.2,494.35,487.41,482.43,476.68,479.83420031780474,465.0006579742546,14.833542343550164,1,518.7507142857143,480.26928571428573,0.3584401753662234,49.3373426848322,5.100790733556019,37.536659869014,119.21264648847412,47191383.20001644,-1.3443150266435013,1.6603040195891714,0.08541938287701001,0.16849911106952375,,6.575657472853708,0,1,0,0,0,0
268904764.0,501.7098,497.72,507.85,510.13,493.56,1708232400000,2198545,2024-02-18,464.985,,,,1,0,0,0,87.92874235575647,15.969640036339795,11.600212205749116,4.369427830590681,519.6791942459209,410.29080575407903,499.51,16.569999999999993,9.875357142857142,3607730625.0,0.0,0.0,,0.0165585104772799,0.0526915821984537,0.0079522799042145,376417982.4,0.7143781024633642,5764916497419.271,12697262689.0,454.0282924455507,96.17513839959742,96.46162731477108,6,2,0.0,0.0,499.51,501.2,494.35,487.41,482.43,484.1443233458348,468.174683309495,15.969640036339797,1,527.6007142857143,488.0992857142857,0.3501024179931864,45.271418751924216,4.969078875630608,42.52286898024766,124.66548569133778,51681114.600308746,-1.4731866906638642,1.9326557536648576,0.08207444655146712,0.18231130977324583,,6.625963443627549,0,1,0,0,0,0
315683589.0,508.0,508.3,512.85,513.29,504.75,1708837200000,2347961,2024-02-25,469.05250000000007,,,,1,0,0,0,88.00686831330077,17.076615265319276,12.69549281766315,4.381122447656127,525.3381110901311,412.766888909869,507.85,8.539999999999964,10.066785714285713,3923414214.0,0.0,0.0,,0.0097972763679099,0.0521942512463839,0.0079550909122972,372343125.45,0.8478297769523114,5926814826037.922,13012946278.0,455.45525966382706,99.26605504587164,96.43675921650852,6,2,0.0,0.0,507.85,499.51,501.2,494.35,487.41,488.5605812926294,471.48396602731015,17.076615265319276,1,532.9835714285714,492.7164285714286,0.3989055356439677,43.13335934699447,4.87458757548696,47.74603823880416,132.66024597477153,54789154.26753335,-1.4908777861430482,1.9640635086936098,0.08276153277736742,0.18852838933951332,,6.561104858607223,0,1,0,0,0,0
336006767.0,511.7238,512.03,511.72,518.2201,504.91,1709442000000,2928354,2024-03-03,473.579,,,,1,0,0,0,86.0213581599124,17.659155797820915,13.688225413694704,3.9709303841262127,528.1939105917731,418.9640894082268,512.85,13.310099999999975,10.566792857142852,3587407447.0,0.0,0.0,,-0.0022058043045857,0.0351370486497419,0.0091829353325141,364721412.25,0.9212696477762116,6098756208847.162,13348953045.0,456.87150058045336,89.82930710482385,95.09016685009765,6,3,0.0,0.0,512.85,507.85,499.51,501.2,494.35,492.1235687860711,474.46441298825016,17.659155797820915,1,532.8535857142857,490.58641428571434,0.47441144000531876,42.214525150406224,4.643928316900867,52.76160242018369,126.20313393537374,54048805.926478446,-1.2330693293395596,0.7761045029074276,0.07660263827817637,0.2149386262731785,,3.8263375613630175,0,1,0,0,0,0
408326927.0,513.0782,510.48,509.83,517.38,508.122,1710046800000,3071732,2024-03-10,478.5365,,,,1,0,0,0,83.61099823919814,17.76354902644391,14.503290136244544,3.260258890199367,526.7346870263974,430.33831297360257,511.72,9.25799999999998,10.768435714285706,3179080520.0,0.0,0.0,,-0.0037002636317004,0.0172186751795691,0.0092445283742086,360800453.9,1.1317250923225628,6306933526039.572,13757279972.0,458.4433506387881,85.71900303148416,91.60478839405988,6,3,0.0,0.0,511.72,512.85,507.85,499.51,501.2,494.8476351266755,477.0840861002316,17.76354902644391,1,531.3668714285714,488.29312857142855,0.49860926038095427,40.69771375198431,4.556969077976117,58.326455846863574,117.39296299302046,52540680.600069456,-0.6740493231363348,-1.2785069818145078,0.08956659257992805,0.24142884971267153,,1.862578149668089,0,1,0,0,0,0
358020122.0,517.7835,514.0,521.21,524.11,511.12,1710648000000,2598892,2024-03-17,482.8625,,,,1,0,0,0,84.09568874868559,18.550711253696193,15.312774359734874,3.2379368939613187,530.0101658461143,435.7148341538857,509.83,14.28000000000003,10.76986428571428,3537100642.0,0.0,0.0,,0.0220756947422071,0.0434425737222479,0.0113400016990861,355765341.3,1.0063378312563016,6493537193827.192,14115300094.0,460.0353623786861,94.9722607489598,90.1735236284226,6,3,0.0,0.0,509.83,511.72,512.85,507.85,499.51,498.9033835687255,480.3526723150293,18.550711253696193,1,542.7497285714286,499.6702714285715,0.47761774306031934,36.543834944428696,4.556364617636361,62.79566585987927,125.98684483633777,60532107.13118772,-0.4311750989825484,-1.0605255892415606,0.09341696735755645,0.19903839517817312,,3.830910838103365,0,1,0,0,0,0
293270515.0,521.4501,519.8,523.07,524.61,518.4,1711252800000,1854920,2024-03-24,486.98550000000006,,,,1,0,0,0,83.56424884542244,19.104405747940007,16.071100637375903,3.033305110564104,532.9836077299584,440.9873922700417,521.21,6.210000000000036,10.63665,3830371157.0,0.0,0.0,,0.0035622667616156,0.0299694791769222,0.0104901836878596,352137233.15,0.8328301792360465,6646938202108.242,14408570609.0,461.31836269424093,97.3530422825714,92.68143535433846,6,3,0.0,0.0,521.21,509.83,511.72,512.85,507.85,502.6213245581523,483.5169188102123,19.104405747940007,1,544.3433,501.79670000000004,0.4559974139619154,35.88341119512769,4.613428905541999,67.08842841465805,123.31527802140201,61578677.91436533,-0.10504816860961774,-1.3082780903635012,0.08424020065087179,0.18714963346269942,,2.856904273522248,0,1,0,0,0,0
366993664.0,519.0405,523.83,518.43,524.38,512.755,1711857600000,2949065,2024-03-31,490.3675,,,,1,0,0,0,78.1462140992166,18.950355499863917,16.646951609873508,2.3034038899904097,535.0889936550296,445.6460063449704,523.07,11.625,11.163435714285711,3463377493.0,0.0,0.0,,-0.0089102845869465,0.0108803743784731,0.0119849415271921,351661965.65,1.0435978293008217,6837198727335.762,14775564273.0,462.7368945786834,89.3777930560329,93.90103202918802,6,3,0.0,0.0,523.07,521.21,509.83,511.72,512.85,505.0534284722827,486.1030729724188,18.950355499863917,1,540.7568714285713,496.10312857142856,0.4070363717867176,33.131185289658575,8.007647414741891,68.86496816487671,101.43454546433139,58323185.14865515,0.03256370555339239,-1.4847118878699095,0.06364251861882186,0.15004769404822627,,0.9078363273966628,0,1,0,1,1,0
361543094.0,515.4333,519.15,510.85,520.75,509.08,1712462400000,3081938,2024-04-07,493.1450000000001,,,,1,0,0,0,77.95285844511,18.00903002915055,16.919367293728918,1.0896627354216335,535.5355900680305,450.7544099319697,518.43,11.670000000000016,11.36272142857143,3101834399.0,0.0,0.0,,-0.0147290086965771,-0.0017001485187211,0.0142256438957214,359340459.35,1.0061296594710885,7021893016905.662,15137107367.0,463.8860547566639,75.56384301189843,87.43155945016758,6,4,0.0,0.0,518.43,523.07,521.21,509.83,511.72,505.9452087073161,487.93617867816556,18.00903002915055,1,533.5754428571429,488.12455714285716,0.34502072812953666,32.55011217555715,5.8587574275869,71.1489214888861,77.16400398246842,53037039.18387694,0.15961167444530405,-1.0681062094908096,0.03337716192980689,0.12200746760377768,,-0.11951285552029688,0,1,0,0,0,0
418136064.0,502.3023,515.13,495.16,515.3,493.86,1713067200000,3619226,2024-04-14,494.948,,,,1,0,0,0,61.036789297658856,15.814669275410438,16.698427690065223,-0.8837584146547854,534.1923146938443,455.70368530615576,510.85,21.43999999999994,12.131292857142853,2683698335.0,0.0,0.0,,-0.0311950623738231,-0.028774297314791,0.0199938049257099,363028568.15,1.1517993367046258,7228937270355.902,15555243431.0,464.726720762812,46.20021921812206,70.38061842868446,6,4,0.0,0.0,510.85,518.43,523.07,521.21,509.83,504.28594582926746,488.471276553857,15.814669275410438,1,519.4225857142858,470.8974142857143,0.25174719411202406,27.58515315305665,14.449054716553627,70.21873292859117,28.485888160913277,40194610.20441134,-0.3831068510621797,0.43524289281765505,-0.012051077414205857,0.0785449793073405,,-1.4391599312940693,0,1,0,0,0,0
321928430.0,503.5083,497.83,508.26,509.88,495.43,1713672000000,2741123,2024-04-21,497.351,,,,1,0,0,0,64.18139892390465,14.960230858372938,16.350788323726768,-1.3905574653538295,533.3914736810978,461.31052631890225,495.16,14.71999999999997,12.264864285714278,3005626765.0,0.0,0.0,,0.0261121850079049,-0.0248460313501276,0.0214324554283333,361095295.05,0.8915331615035952,7392560614187.702,15877171861.0,465.6094094658299,60.91322017690651,60.89242746897566,6,4,0.0,0.0,495.16,510.85,518.43,523.07,521.21,504.8973387786109,489.93710792023796,14.960230858372938,1,532.7897285714286,483.7302714285714,0.24620361831078774,24.8853140868203,14.29169619754153,69.08401950480615,34.959836350966945,48711579.33156213,-0.3757223384533707,-0.21888116074031214,0.01751716682348703,0.10443285528031288,,-1.1592708003290015,0,1,0,0,0,0
339183992.0,506.1033,510.09,511.29,512.55,499.55,1714276800000,2861703,2024-04-28,499.449,,,,1,0,0,0,63.3976660682226,14.362021490513088,15.953034957084032,-1.5910134665709457,533.4488048910811,465.4491951089189,508.26,12.999999999999943,12.71557857142856,3344810757.0,0.0,0.0,,0.0059438162337404,-0.0225208863058482,0.0216960437432784,353733351.4,0.9588691330845204,7565981997457.382,16216355853.0,466.5648722834167,68.09580838323356,58.40308259275404,6,4,0.0,0.0,508.26,495.16,510.85,518.43,523.07,505.88082512036306,491.51880362984997,14.362021490513087,1,536.7211571428571,485.8588428571429,0.2636516707195064,21.907940820517247,13.785115108307231,66.64670166477467,44.21073521004927,50733630.04529135,-0.27843668297813035,0.2045543950559018,0.006773653637885291,0.08940404406281299,,-1.0380176308710214,0,1,0,0,0,0
237750055.0,517.8648,513.75,520.84,522.635,513.3,1714881600000,2074269,2024-05-05,501.8085,,,,1,0,0,0,64.43911479341544,14.491492538594288,15.660726473386084,-1.169233934791798,534.8047634407691,468.8122365592309,511.29,11.34499999999997,12.583792857142845,3582560812.0,0.0,0.0,,0.0185059489552727,0.0046486507339469,0.0236929258069514,346528107.5,0.6860916902678666,7689811736103.582,16454105908.0,467.34910903696016,89.03432228039563,72.68111694684522,6,5,0.0,0.0,511.29,508.26,495.16,510.85,518.43,508.1822366403072,493.69074410171294,14.491492538594287,1,546.0075857142857,495.67241428571435,0.26578448615779127,23.928227406798896,13.92948185540644,62.5875281621138,90.14976693594515,55174383.874331646,-0.30735401680169383,-0.22179773877572323,0.015579604172760053,0.09963052887152979,,0.1962040825933866,0,1,0,0,0,0
263164187.0,526.3439,522.56,529.45,531.5218,519.74,1715486400000,2097750,2024-05-12,504.5155000000001,,,,1,0,0,0,65.10856776125789,15.114622362149705,15.55150565113881,-0.4368832889891063,537.2405224397817,471.7904775602185,520.84,11.781799999999976,12.609635714285702,3845724999.0,0.0,0.0,,0.0163958390159358,0.0364099050601938,0.0226152947769494,343552440.45,0.7660087835653155,7829144014910.732,16717270095.0,468.32670468441887,94.92290500602856,84.01767855655258,6,5,0.0,0.0,520.84,511.29,508.26,495.16,510.85,511.4542002341061,496.3395778719564,15.114622362149703,1,554.6692714285714,504.23072857142864,0.29545840328818934,25.74102910949958,13.900934035485275,58.867556615072154,121.78552866723757,59524747.99780527,-0.5890056217421153,-0.33050030840751277,0.03464785429531769,0.11390460962319326,,1.6099674719973047,0,1,0,0,0,0
218066648.0,529.3403,529.57,529.44,533.07,524.72,1716091200000,1748387,2024-05-19,507.5915000000001,,,,1,0,0,0,66.29996732382094,15.429785359383745,15.527161592787795,-0.0973762334040539,537.2551167543234,477.9278832456768,529.45,8.350000000000023,12.292849999999987,3627658351.0,0.0,0.0,,-1.8887703161388024e-05,0.0692301478310042,0.0103959834883435,334611547.3,0.651700904405698,7944597221027.853,16935336743.0,469.1136256450081,90.81245254365986,91.58989327669468,6,5,0.0,0.0,529.45,520.84,511.29,508.26,495.16,514.221246351936,498.79146099255223,15.429785359383743,1,554.0257,504.8543000000001,0.3425018178369867,26.22901000952192,14.259159940577579,55.17495603096501,126.25574039473634,59520629.25858533,-0.6697955488055121,-0.1451303324554328,0.038463801659376795,0.13147546589160553,,6.659310426524262,0,1,0,0,0,0
217812279.0,525.3049,530.27,527.37,530.51,518.36,1716696000000,1617984,2024-05-26,510.126,,,,1,0,0,0,61.40986672901563,15.335741720642432,15.488877618358725,-0.1531358977162931,537.2198434645993,483.0321565354008,529.44,12.149999999999975,11.9771357142857,3409846072.0,0.0,0.0,,-0.0039174546933927,0.0375988667217566,0.0098680129935579,328326281.95,0.6634018991911531,8059464882604.083,17153149022.0,469.85337049583774,85.4628921193572,90.39941655634853,6,5,0.0,0.0,529.44,529.45,520.84,511.29,508.26,516.2441315285612,500.90838980791875,15.335741720642432,1,551.3242714285714,503.4157285714286,0.3322736570457014,22.966437836439237,18.427969004130617,50.22817998601151,100.56742042559678,58669028.66639356,-0.41398064669139484,0.0757418178843753,0.011818652750331005,0.10633968280607542,,3.8101721840638305,0,1,0,0,0,0
203036883.0,530.9542,529.02,534.01,536.89,522.6,1717300800000,1877693,2024-06-02,512.705,,,,1,0,0,0,62.13581096581781,15.616981129370629,15.514498320561106,0.1024828088095226,538.4863269839361,486.923673016064,527.37,14.289999999999964,12.387849999999986,3612882955.0,0.0,0.0,,0.0125121758967052,0.0444366210956599,0.0100639744099993,320660652.5,0.6331830282794051,8167888608494.913,17356185905.0,470.6038903479303,93.30699511968396,89.86077992756701,6,6,0.0,0.0,527.37,529.44,529.45,520.84,511.29,518.9773420626287,503.3603609332581,15.616981129370629,1,558.7856999999999,509.2343,0.3060580119397097,24.061652574091315,17.816996952785136,45.60094643875971,128.99233023146675,61225421.5274209,-0.5430948175626605,-0.10468577513054456,0.02091498269830039,0.1069170656882863,,4.415410366843264,0,1,0,0,0,0
219006812.0,539.5689,533.18,542.78,544.12,532.05,1717905600000,1886616,2024-06-09,515.4735000000001,475.9928,,,1,1,0,0,66.37840118118535,16.35895524014768,15.683389704478422,0.6755655356692571,541.7056283724247,489.2413716275754,534.01,12.07000000000005,12.29927142857142,3831889767.0,0.0,0.0,,0.0162895159214815,0.0421242608094616,0.0095600220374587,313801284.85,0.6979156000100105,8286761125912.273,17575192717.0,471.5032864417309,97.33386390768,92.03458371557372,6,6,0.0,0.0,534.01,527.37,529.44,529.45,520.84,522.6392894376089,506.28033419746123,16.35895524014768,1,567.3785428571429,518.1814571428571,0.3137563026664234,25.570620325619206,17.94531383287829,41.125525892491275,164.43561693700775,64822151.44116781,-0.9735057678589286,0.5379970732515856,0.04696873251933731,0.11360045957202347,,4.406288665603603,0,1,0,0,0,0
230972959.0,546.2483,542.08,544.51,550.12,541.6072,1718510400000,1589522,2024-06-16,517.9815,478.112,,,1,1,0,0,68.3181914219311,16.891852845569645,15.925082332696668,0.9667705128729764,545.2798764892229,490.68312351077697,542.78,8.51279999999997,12.246042857142848,4062862726.0,2.0,0.0,,0.0031822263791865,0.0284446123335535,0.0085153236244176,303544331.45,0.7609200207978386,8412528211817.363,17806165676.0,472.45029417850304,90.02843938855312,93.55643280530568,6,6,0.0,0.0,542.78,534.01,527.37,529.44,529.45,526.0040141395152,509.1121612939456,16.891852845569645,1,569.0020857142857,520.0179142857143,0.2589398913282674,29.181438200492746,18.023314819013063,37.109592124004116,176.95602023267247,65558330.406991914,-1.4153323226740044,2.755833776190467,0.06589018302828609,0.1014665722666126,0.24161441112757953,3.3403990481346466,0,1,0,0,0,0
233508534.0,545.0593,544.33,544.22,550.28,542.44,1719115200000,1854476,2024-06-23,520.1325,480.0108,,,1,1,0,0,63.76690199832474,17.093731563828158,16.158812178922968,0.9349193849051892,548.6170685831543,491.64793141684584,544.51,7.839999999999918,11.78604285714284,3829354192.0,4.0,0.0,,-0.0005327308090316,0.0279162889090358,0.0086028833178327,299324714.1,0.7801177884763241,8539608226190.844,18039674210.0,473.37929315026383,89.25912796880549,92.20714375501286,6,6,0.0,0.0,544.51,542.78,534.01,527.37,529.44,528.8064735026667,511.7127419388385,17.093731563828158,1,567.7920857142857,520.6479142857144,0.19237815582511442,26.33865964789238,18.726750647028837,32.756933871256564,157.93464487579536,65433966.34598295,0.2195543624470631,-1.1689987633422214,0.09907908554810563,0.08583399840383099,0.21131588319088324,3.244988386775516,0,1,0,0,0,0
155007202.0,548.8542,545.63,554.64,555.05,542.52,1719720000000,1290901,2024-06-30,522.889,482.06000000000006,,,1,1,0,0,67.13339845869962,17.88832336230621,16.50471441559962,1.383608946706591,553.5570865498904,492.2209134501095,544.22,12.529999999999973,12.237471428571409,3984361394.0,1.0,0.0,,0.0189656777659838,0.0517094260196826,0.0084207795986301,288316174.35,0.5376292271824811,8625581420708.124,18194681412.0,474.0715830846736,99.32995587514304,92.8725077441672,6,6,0.0,0.0,544.22,544.51,542.78,534.01,527.37,532.7808621945641,514.8925388322579,17.88832336230621,1,579.1149428571428,530.1650571428572,0.20039289619830208,27.859396722487116,18.03593879582759,28.770375793186766,161.36036109205506,68401837.87742244,-0.15305530496072645,-1.8667986606818079,0.09125250855861178,0.11036816079758172,0.22659118050333937,6.140686145167993,0,1,0,1,1,0
207457065.0,558.1756,555.44,559.99,563.67,554.19,1720324800000,1831205,2024-07-07,525.496,484.1214,,,1,1,0,0,72.38259370960797,18.733791884050447,16.950529909289784,1.7832619747606628,559.4678412187133,491.5241587812867,554.64,9.479999999999905,12.084257142857114,4191818459.0,0.0,0.0,,0.0095996717926621,0.0486507743300688,0.0083107831112707,285243789.4,0.72729739510325,8741755302537.474,18402138477.0,475.0401869578037,94.72854891849312,94.43921092081388,6,7,0.0,0.0,554.64,544.22,544.51,542.78,534.01,536.9668833954004,518.2330915113499,18.733791884050447,1,584.1585142857142,535.8214857142858,0.17651925158784013,33.30779833778385,14.927922751033377,27.129958266545774,175.51807312688283,70402947.24160461,-0.3086535607584585,-1.7475044564801177,0.09524927145064432,0.10266811066259729,0.225575593101637,5.853926776746608,0,1,0,0,0,0
255825457.0,556.7532,562.03,548.99,565.16,547.91,1720929600000,2180879,2024-07-14,527.303,486.165,,,1,1,0,0,69.8109287346769,18.305212613234175,17.221466450078662,1.0837461631555136,562.272611529531,492.333388470469,559.99,17.25,12.48282857142854,3935993002.0,0.0,0.0,,-0.0198387000195082,0.0114410995246694,0.0144044409944272,282250882.8,0.9063761093044136,8882200920175.904,18657963934.0,476.0541370749497,77.32117812061716,90.45989430475112,6,7,0.0,0.0,559.99,554.64,544.22,544.51,542.78,538.8165936422619,520.5113810290277,18.305212613234175,1,573.955657142857,524.024342857143,0.08858689942277855,32.2442944460709,15.941899614330742,24.582772659897405,129.032092986134,65377714.599950284,-0.9110039088549867,0.7431671844993234,0.054047308194455024,0.07046894803548787,0.2286878091358744,0.7942752923451049,0,1,0,0,0,0
267116123.0,546.5187,553.0,544.44,556.735,537.45,1721534400000,2280160,2024-07-21,528.9390000000001,488.1408,,,1,1,0,0,78.94736842105266,17.397861758740078,17.256745511810944,0.1411162469291333,563.900534291275,493.9774657087251,548.99,19.284999999999968,12.328899999999972,3668876879.0,0.0,0.0,,-0.008322482943516,-0.0001285559493855,0.0151242261688211,278806350.6,0.9580704400210316,9027629622182.023,18925080057.0,477.0193624012115,70.28538649075014,80.77837117662015,6,7,0.0,0.0,548.99,559.99,554.64,544.22,544.51,539.6817330819139,522.2838713231738,17.397861758740078,1,569.0978,519.7822000000001,0.07510085395052585,32.64687035961698,13.383189091520014,25.33986183770188,81.60714149428883,63163870.34112956,-0.43992821100292034,-0.1335723169742522,0.028312399660024523,0.0639412178535137,0.22167620329855287,-0.00849999616182406,0,1,0,0,0,0
310477646.0,542.2465,546.02,532.9,554.8688,528.6,1722139200000,2697025,2024-07-28,530.0925,490.06880000000007,,,1,1,0,0,64.74389660124459,15.568138305689216,16.919024070586598,-1.3508857648973809,563.9027805137881,496.2822194862118,544.44,26.268799999999946,13.153814285714256,3358399233.0,0.0,0.0,,-0.0214239541611363,-0.0208004115982507,0.0179255954608049,273913886.55,1.1334863299941738,9193083159735.424,19235557703.0,477.9213216314316,50.83066605700349,66.1457435561236,6,7,0.0,0.0,544.44,548.99,559.99,554.64,544.22,538.6383895308502,523.070251225161,15.568138305689217,1,559.2076285714285,506.5923714285715,0.08535584915391843,30.599489337117966,17.349666092651642,25.382195781199727,41.79882880199143,56582957.77989229,-0.3781914659718406,-1.0238446651838846,0.0065352070111814875,0.04525037757683936,0.2208476517754867,-1.1603742837993218,0,1,0,0,0,0
410324408.0,523.248,511.64,532.99,534.51,510.27,1722744000000,3680974,2024-08-04,530.6814999999999,491.9292,,,1,1,0,0,63.4581989580749,13.96435909539946,16.32809107554917,-2.363731980149712,564.2498116706968,497.11318832930306,532.9,24.24000000000001,13.956671428571402,3768723641.0,0.0,0.0,,0.0001688729610257,-0.0390343285734891,0.013199749653991,276529100.85,1.4838380725165548,9411781965955.344,19645882111.0,479.07148748925647,41.39187465840779,54.16930906872047,6,8,0.0,0.0,532.9,544.44,548.99,559.99,554.64,537.769406526104,523.8050474307046,13.964359095399459,1,560.9033428571428,505.0766571428572,0.11360513681633919,27.472780553106134,25.73270130793922,23.99027070014621,-20.80920429357844,56652256.328813285,-0.48911357317207527,-0.8641995162301421,0.010656654720594627,0.022601254772548485,0.21142350614814642,-2.957199948840501,0,1,0,0,0,0
242528011.0,544.4516,534.21,554.31,555.02,530.95,1723348800000,2058491,2024-08-11,532.2435,493.99160000000006,,,1,1,0,0,68.11343218963087,14.24943966744695,15.912360793928729,-1.662921126481777,567.1991833870063,497.2878166129938,532.99,24.069999999999936,14.865599999999972,4011251652.0,0.0,0.0,,0.0392214347714088,-0.0101430382685405,0.0246950709001168,273991975.65,0.8851646491640603,9546217667732.754,19888410122.0,479.9889789668505,80.23319366004732,57.485244791819525,6,8,0.0,0.0,532.99,532.9,544.44,548.99,559.99,540.3141132143957,526.0646735469487,14.24943966744695,1,584.0411999999999,524.5788,0.12932984581278062,30.80217798950978,24.159324690937588,22.967055658893628,71.14094605036142,66353558.78199251,0.43524759337381924,0.22036205652670812,0.03801426939570418,0.059724319880704035,0.22855116469779913,-0.41073112129357414,0,1,0,0,0,0
220520306.0,559.0541,554.73,562.13,563.18,553.86,1723953600000,1975698,2024-08-18,534.4285,496.32380000000006,,,1,1,0,0,67.83842794759823,14.934224278966326,15.716733490936248,-0.7825092119699217,571.1663469844467,497.69065301555327,554.31,9.319999999999936,14.689757142857111,4231771958.0,1.0,0.0,,0.0140090428349096,0.0239348622014972,0.0231892227982313,266668307.75,0.8269460584222723,9670178747344.531,20108930428.0,480.88976099293774,94.47986882856628,72.03497904900713,6,8,0.0,0.0,554.31,532.99,532.9,544.44,548.99,543.670403489104,528.7361792101377,14.934224278966326,1,591.5095142857142,532.7504857142858,0.16654034211161303,30.817488958252923,24.448522438645462,21.656814335264297,115.75565921147373,69464577.51324399,0.4731687369063904,0.39018921780916066,0.035649802866723146,0.08429296144127463,0.2617390913988149,1.0321541212576368,0,1,0,0,0,0
210854817.0,560.5447,563.18,563.68,564.2,555.04,1724558400000,1900927,2024-08-25,537.0699999999999,498.73,,,1,1,0,0,68.38093193042727,15.424192572561653,15.658225307261327,-0.234032734699678,574.2638981979287,499.8761018020712,562.13,9.160000000000082,14.74761428571426,4442626775.0,0.0,0.0,,0.0027535747228466,0.0353390639923589,0.0221356637763102,259133893.9,0.8136906130904245,9789033390591.094,20319785245.0,481.7488606578575,97.30369830570228,90.67225359810529,6,8,0.0,0.0,562.13,554.31,532.99,532.9,544.44,546.7488029523188,531.3246103797571,15.424192572561651,1,593.1752285714284,534.1847714285715,0.2560466901816462,30.44075893968131,24.352607151745087,20.33876363304578,109.81771387871345,70045982.11066806,0.4818651875758734,0.3958504818991579,0.03520596499605144,0.1034158755016148,0.2713534970791889,1.5964756415130714,0,1,0,0,0,0
220560691.0,549.4705,560.47,540.36,560.81,539.44,1725163200000,2278426,2024-09-01,539.33,500.9288,,,1,1,0,0,55.67794387621297,13.772011690648467,15.28098258393876,-1.5089708932902894,570.8638007457661,507.7961992542339,563.68,24.239999999999895,15.611185714285682,4222066084.0,0.0,0.0,,-0.0422511304914467,0.0139988740851941,0.0295325708607863,249255125.25,0.8848792608728915,9908215565579.854,20540345936.0,482.37822266733286,54.81872836582263,82.20076516669705,6,9,0.0,0.0,563.68,562.13,554.31,532.99,532.9,545.7659101904236,531.9938984997751,13.772011690648469,1,571.5823714285714,509.13762857142865,0.29946561960083895,28.75685291458801,27.233220134865192,19.74999855251578,42.613522521917375,60921167.82930278,-0.1354342971226981,0.12264496964853779,-0.007092719855940621,0.09128362549478952,0.2554249337856047,0.474014585829238,0,1,0,0,0,0
243245605.0,551.7093,544.65,562.01,563.03,539.96,1725768000000,2394464,2024-09-08,542.0174999999999,503.6194,,,1,1,0,0,60.8191653786708,14.047687504640637,15.034323568079136,-0.9866360634384996,571.4968136212317,512.5381863787682,540.36,23.069999999999936,16.238328571428536,4465311689.0,1.0,0.0,,0.0392840592282122,0.0544475506107056,0.0335722790461655,245320984.0,0.9915401488851032,10044922028045.904,20783591541.0,483.31021172304054,94.26124977227184,82.12789214793226,6,9,0.0,0.0,540.36,563.68,562.13,554.31,532.99,548.2650009303584,534.2173134257177,14.047687504640635,1,594.4866571428571,529.5333428571429,0.29855943378477934,25.816344573385255,26.181441966397827,18.73505779444746,77.5695388418652,70667017.53736773,0.05493037077934227,-0.3760402250473613,0.013287898456656677,0.10575296108291021,0.31470478151024595,1.6218003644563639,0,1,0,0,0,0
297830609.0,565.9517,561.74,568.25,572.88,559.9,1726372800000,2445278,2024-09-15,544.8655000000001,506.3936,,,1,1,0,0,60.03783400331049,14.601362999880848,14.947731454439475,-0.3463684545586289,572.8114436657347,516.9195563342655,562.01,12.980000000000018,16.303328571428533,4763142298.0,1.0,0.15,,0.0110418194029596,0.0251483826739551,0.0297101566005847,243253314.85,1.2243640304908263,10214164271610.154,21081422150.0,484.51020993430245,92.60501517329502,80.56166443712983,6,9,0.0,0.03,562.01,540.36,563.68,562.13,554.31,551.3396161718417,536.7382531719609,14.601362999880848,1,600.8566571428571,535.6433428571429,0.2624383751789309,26.861298261316513,26.077058758988045,17.589229129742765,137.0067628040376,73973832.3630114,0.036566757557917474,-0.40909231638555255,0.014750263397560692,0.11140448669052794,0.3229268519811892,0.8464571408179238,0,1,0,0,0,0
219655313.0,570.8645,569.34,571.47,574.71,567.6,1726977600000,1910532,2024-09-22,547.397,509.193,,,1,1,0,0,60.50171392957309,15.125623140027642,14.983309791557112,0.1423133484705303,575.3520007577966,519.4419992422035,568.25,7.110000000000014,16.20312857142854,4982797611.0,0.0,0.0,,0.0056505256860639,0.0166153736680128,0.0293066427511064,242348577.75,0.9063610566206428,10339690693330.264,21301077463.0,485.4069335830697,94.97206703910614,93.94611066155768,6,9,0.15,0.03,568.25,562.01,540.36,563.68,562.13,554.4365982992507,539.3109751592231,15.125623140027642,1,603.8762571428571,539.063742857143,0.23724622442630683,25.189138957062656,26.23831905362909,16.046543771177134,153.10253640009932,75218513.59109767,-0.2560076911640385,0.2519339995094175,0.040947922548680404,0.09720835573304654,0.32438006952491305,0.5669488702487706,0,1,0,0,0,0
257134351.0,569.7438,570.42,572.98,574.38,565.27,1727582400000,2408625,2024-09-29,549.5735,512.2288000000001,,,1,1,0,0,61.09739157277358,15.484452330854651,15.08353829941662,0.400914031438031,578.4094857597555,520.7375142402444,571.47,9.110000000000014,16.29384285714283,5239931962.0,0.0,0.0,,0.0026388236729022,0.0164987226795345,0.02930721842181,242047085.95,1.0623319425259126,10487023533766.244,21558211814.0,486.45145637524183,97.31533209186838,94.9641381014232,6,9,0.0,0.03,571.47,568.25,562.01,540.36,563.68,557.2894293301352,541.8049769992806,15.484452330854651,1,605.5676857142856,540.3923142857144,0.23908942593103297,24.978760599973498,27.113659935211615,15.1327930693172,132.69325965312942,75897941.85506602,-0.41748057295040525,0.6102650465856385,0.05242083608845771,0.08221739541033135,0.360383674826088,0.562957453433447,0,1,0,0,0,0
211667533.0,574.2183,571.3,579.58,580.33,566.63,1728187200000,1961399,2024-10-06,552.0804999999999,515.6068,,,1,1,0,0,59.915712468193405,16.115621043544138,15.289954848242123,0.8256661953020128,582.234571366898,521.9264286331019,572.98,13.700000000000044,16.377414285714263,5451599495.0,0.0,0.0,,0.011452891203298,0.072581242134873,0.0146057468786456,241727130.2,0.8756465723349741,10609701802542.385,21769879347.0,487.3569409103986,98.9294890094205,97.07229604679831,6,10,0.0,0.03,572.98,571.47,568.25,562.01,540.36,560.7187478947299,544.6031268511857,16.115621043544138,1,612.3348285714286,546.8251714285715,0.27250645096135484,25.365943864094923,26.975303094812006,13.823557320568028,141.53142596583905,78336082.3098812,-0.8482075576593004,2.507542756391337,0.08759617188966051,0.09470383801752802,0.4112691146391352,4.96935850280999,0,1,0,0,0,0
192956802.0,582.6199,581.22,584.59,586.12,578.545,1728792000000,1787389,2024-10-13,554.9415,518.6048000000001,,,1,1,0,0,59.8070483176527,16.826130763815968,15.597190031356895,1.2289407324590726,586.0662928084413,523.8167071915587,579.58,7.575000000000045,16.241342857142847,5644556297.0,0.0,0.0,,0.0086070435226162,0.0401772210458888,0.0037326838518002,240484356.35,0.8023673761097849,10722502419423.564,21962836149.0,488.2111921556987,97.98286090969022,98.0758940036597,6,10,0.0,0.03,579.58,572.98,571.47,568.25,562.01,564.3912482186175,547.5651174548016,16.826130763815968,1,617.0726857142857,552.1073142857143,0.27594785072896305,24.333842907767483,27.201304605917496,11.499257793144437,163.56069277591246,80004037.68794806,-1.002621700139784,2.948137077781035,0.0968123229328881,0.10850067315167733,0.3448434516552026,10.763599330952944,0,1,0,0,0,0
201559452.0,580.6197,583.85,579.04,584.85,574.415,1729396800000,1967549,2024-10-20,557.193,521.3734000000001,,,1,1,0,0,62.523964324414415,16.748312102902787,15.827414445666074,0.9208976572367132,588.4569035849396,525.9290964150604,584.59,10.43500000000006,15.754557142857136,5442996845.0,0.0,0.0,,-0.0095391870021007,0.0189881214254288,0.0081297891151717,240410484.8,0.8383970947343641,10839213404509.645,22164395601.0,489.0371747389587,90.6657877389584,95.85937921935636,6,10,0.0,0.0,584.59,579.58,572.98,571.47,568.25,566.6449023388302,549.8965902359274,16.748312102902787,1,610.5491142857143,547.5308857142857,0.24606596176480877,25.085712160151214,27.066998300398005,9.354037972425733,127.27714934471015,78090465.85367103,-0.9575712225987318,3.3293895076004483,0.04461402464325026,0.08432426359056944,0.3141780713102289,2.3356200019744,0,1,0,0,0,0
219637469.0,576.7021,582.58,571.04,583.32,568.44,1730001600000,2170291,2024-10-27,558.606,523.7784,,,1,1,0,0,60.77621131097062,15.858302472809555,15.83359205109477,0.0247104217147846,589.6810327264083,527.5309672735917,579.04,14.879999999999995,15.43991428571428,5223359376.0,1.0,0.0,,-0.013912300073582,-0.0007524454477051,0.011142802244024,240442017.65,0.9134737395180064,10964635184807.404,22384033070.0,489.8418060104932,80.11865524060642,89.58910129641835,6,10,0.0,0.0,579.04,584.59,579.58,572.98,571.47,567.3210712097793,551.4627687369698,15.858302472809555,1,601.9198285714285,540.1601714285714,0.18089087736016796,25.596922261522767,25.543720633832887,6.372167242266654,89.01354993832854,75055960.89373735,-0.5020444358508668,2.197640011157038,0.01585042605802922,0.05206529348907485,0.2667539208944296,-0.06752742765711088,0,1,0,0,0,0
237350670.0,586.4588,571.18,598.19,599.64,567.89,1730606400000,2272554,2024-11-03,561.2900000000001,526.6362,,,1,1,0,0,73.4805437675322,17.14609205068166,16.09609205101215,1.0499999996695095,596.2666616925898,526.3133383074104,571.04,31.75,15.831428571428573,5460710046.0,0.0,0.0,,0.0464491694971519,0.0439980453069914,0.0238565073156479,240760903.2,0.9858356022316168,11106615982094.703,22621383740.0,490.9786293247641,98.37753161016008,89.72065819657497,6,11,0.0,0.0,571.04,579.04,584.59,579.58,572.98,572.0701371775056,554.9240451268239,17.14609205068166,1,629.8528571428571,566.527142857143,0.2406951562036133,32.32719725535435,20.919057930837386,5.928751061765178,145.40764056378055,86340758.26432437,-0.16760354474039882,0.7014535834042661,0.0612226795344879,0.09858404804319498,0.31383703052932144,1.8442778015268944,0,1,0,0,0,0
242509916.0,594.0448,599.81,585.75,600.17,583.86,1731214800000,2061838,2024-11-10,563.3665,529.1691999999999,,,1,1,0,0,67.42634429911479,16.967282266385723,16.270330094086866,0.6969521722988574,599.0010847826454,527.7319152173545,598.19,16.309999999999945,15.264999999999995,5218200130.0,1.0,0.2,,-0.021015351851097,0.0106456399461678,0.0270895402870875,241210972.3,1.005385093752636,11248666165391.703,22863893656.0,491.98383856372607,79.16787055764233,85.88801913613628,6,11,0.0,0.04,598.19,571.04,579.04,584.59,579.58,574.1747314578894,557.2074491915037,16.967282266385723,1,616.28,555.22,0.2280514750403729,33.77474147050798,13.118244349205952,8.841594148494806,131.93715895577205,81297505.52683292,0.6498009944963438,-0.047267510737342935,0.08399955585165442,0.07631105067803468,0.2758658244391199,0.3929795745351354,0,1,0,0,0,0
221445378.0,590.3421,586.22,595.51,596.15,584.03,1731819600000,1978989,2024-11-17,565.4100000000001,531.8754,,,1,1,0,0,64.73322843656129,17.41240528704975,16.498745132679446,0.9136601543703052,603.5377553275271,527.2822446724731,585.75,12.120000000000005,14.411428571428573,5439645508.0,0.0,0.0,,0.0165251038777064,0.0186797584631963,0.0277862041964983,244532881.1,0.9055852816351576,11380539102444.484,23085339034.0,492.976909963647,92.3266919150338,89.95736469427874,6,11,0.2,0.04,585.75,598.19,571.04,579.04,584.59,577.4570804643679,560.0446751773181,17.41240528704975,1,624.3328571428572,566.6871428571428,0.2358303896236994,25.6096352088814,13.89522204530647,10.096359921614063,123.48942411539502,84987316.69077657,0.7972512557424938,1.6986586658703362,0.059607480293945025,0.07368743689600454,0.29402433724467625,0.6722671297031309,0,1,0,0,0,0
152239195.0,599.4769,599.52,602.55,603.35,595.2,1732424400000,1376684,2024-11-24,567.538,534.5398,,,1,1,0,0,64.53538550057536,18.12431186691981,16.82385847952752,1.3004533873922917,608.9972576672058,526.0787423327943,595.51,8.149999999999977,14.327857142857145,5591884703.0,0.0,0.0,,0.0117524682077892,0.040601685548494,0.0268660032074061,241771987.6,0.6296808679584185,11472270829391.734,23237578229.0,493.6947695812202,98.74823971209504,90.08093406159038,6,11,0.0,0.04,595.51,585.75,598.19,571.04,579.04,581.3175296236959,563.1932177567761,18.12431186691981,1,631.2057142857143,573.8942857142856,0.2542321172733352,25.280422751618772,13.976270002792871,11.330022604710438,139.53630202884224,86787057.97606143,0.7815400658804327,1.6509459665913957,0.06036075670919483,0.07600135716709211,0.2838514478085781,1.5112657481051714,0,1,0,0,0,0
161054315.0,605.7435,602.97,607.81,609.07,602.341,1733029200000,1518322,2024-12-01,570.479,537.2230000000001,,,1,1,0,0,65.4570928196147,18.895129707365868,17.238112725095192,1.657016982270676,614.6543653188357,526.3036346811643,602.55,6.729000000000042,14.154214285714286,5752939018.0,1.0,0.0,,0.008691683654466,0.0643912860745306,0.0240160705502057,237033430.5,0.6794582294162932,11570161252591.885,23398632544.0,494.4802321603519,98.19043515725966,96.42178892812947,6,12,0.0,0.04,602.55,595.51,585.75,598.19,571.04,585.3932942969734,566.4981645896075,18.895129707365868,1,636.1184285714285,579.5015714285714,0.3277713757104639,27.96239383384244,14.147729852585591,12.879660375399853,144.17623987978953,88192992.25022954,0.7189706082886476,1.5488137608450532,0.06359038969674691,0.10714220659757001,0.2832471234033569,2.681173805189418,0,1,0,0,0,0
167980868.0,605.2314,607.69,604.21,608.435,602.13,1733634000000,1677269,2024-12-08,573.4675,539.8009999999999,,,1,1,0,0,75.94895553929935,18.996538218172873,17.58979782371073,1.406740394462144,618.3077473700858,528.6272526299141,607.81,6.30499999999995,12.87314285714286,5584958150.0,0.0,0.0,,-0.0059405135012688,0.0100636921379495,0.0153592484237241,232076667.75,0.7238162699791694,11671656972846.164,23566613412.0,495.26237685483545,92.96773260020257,96.63546915651908,6,12,0.0,0.04,607.81,602.55,595.51,585.75,598.19,588.2881720974391,569.2916338792662,18.996538218172873,1,629.9562857142857,578.4637142857143,0.338290531018253,30.745072796589554,7.0168235081333625,17.173605544877287,125.45583478172072,87198057.772679,0.811929643855022,1.347218655317304,0.05450452022758223,0.10978252883697004,0.2711914329595422,0.6552199240560337,0,1,0,0,0,0
416947961.0,594.3182,606.0,591.15,607.7795,580.91,1734238800000,3040032,2024-12-15,576.38,542.2656,,,1,1,0,0,62.731562390772424,17.817681202785934,17.63537449952577,0.1823067032601635,617.5417415620502,535.2182584379498,604.21,26.869500000000016,13.144535714285723,5168010189.0,0.0,0.0,,-0.0218520273174758,0.0092189500640205,0.0156740495013797,237400183.5,1.7563085034430903,11918135759991.314,23983561373.0,496.929358181492,63.55501321944266,84.90439365896829,6,12,0.0,0.0,604.21,607.81,602.55,595.51,585.75,588.7284533132176,570.9107721104317,17.817681202785934,1,617.4390714285714,564.8609285714285,0.3538054662914276,28.903917161183013,18.403084387678557,18.708967411481915,74.38988825034839,78185727.00910339,0.9303130152678598,1.022851958615139,0.019962731633251574,0.1093075623944455,0.263356984099846,0.5881660754962048,0,1,0,0,0,0
196775526.0,596.2713,590.89,595.01,602.48,587.661,1734843600000,1490321,2024-12-22,579.481,544.6321999999999,,,1,1,0,0,61.94003212564695,16.998945008932537,17.508088601407124,-0.5091435924745866,615.9571879933509,543.0048120066491,591.15,14.819000000000074,13.27589285714287,5364785715.0,0.0,0.0,,0.0065084198179651,-0.0008396164631996,0.0138625853573839,226722739.4,0.8679126166204041,12035219165716.574,24180336899.0,497.7275219938851,67.89954337899535,74.80742973288018,6,12,0.0,0.0,591.15,604.21,607.81,602.55,595.51,589.6948451111841,572.6959001022516,16.998945008932537,1,621.5617857142857,568.4582142857142,0.29097177557979526,23.31831326796323,18.220996703572723,19.479656471177226,74.34997685867303,79470601.457822,0.9736502256580729,1.147556879497677,0.017824458167262414,0.11636240830034339,0.24823781152974744,-0.06056704690239544,0,1,0,0,0,0
201156845.0,587.6112,587.89,591.95,592.6,580.5,1735448400000,2012351,2024-12-29,581.363,546.8226,,,1,1,0,0,59.151027703306525,15.919662292848784,17.190403339695457,-1.270741046846673,616.2190698331078,546.5069301668923,595.01,14.509999999999993,13.804464285714298,5163628870.0,0.0,0.0,,-0.0051560402694421,-0.0175919010870465,0.0121890191519188,224654181.1,0.8954066379492814,12154293960114.324,24381493744.0,498.50489423378144,60.91324200913247,64.12259953585682,6,12,0.0,0.0,595.01,591.15,604.21,607.81,602.55,590.0417920171558,574.122129724307,15.919662292848784,1,619.5589285714286,564.3410714285715,0.2828176041653735,21.47855895367808,21.228639802277748,19.375733293879783,38.96816528064886,78436097.9272931,0.9430229710934598,1.2369283893082124,0.022295523625311064,0.06790424130901496,0.2270173911241009,-1.4432569540845817,0,1,0,0,0,0
227611712.0,588.5921,596.27,580.49,599.7,578.55,1736053200000,2112020,2025-01-05,582.2810000000001,548.6842,,,0,1,0,0,53.08165777595404,13.978461734175198,16.548015018591407,-2.569553284416209,615.9511991615569,548.6108008384432,591.95,21.15000000000009,14.664464285714304,4936017158.0,0.0,0.0,,-0.0195495973969319,-0.0449482568565833,0.0116288462052236,225008751.4,1.0115682638288708,12286420282813.203,24609105456.0,499.2631814586184,32.6578699340245,53.82355177405077,6,1,0.0,0.0,591.95,595.01,591.15,604.21,607.81,588.572285552978,574.5938238188028,13.978461734175198,1,609.8189285714286,551.1610714285714,0.20311096606400345,23.67725672976814,18.848771933179073,19.894011527482014,24.14941659154007,74029593.62875435,0.8802804130590626,0.9792298303225441,0.016548753152143547,0.03266148399836344,0.19096858907285452,-3.8652345564641917,0,1,0,0,0,0
251685839.0,588.7911,575.77,597.58,599.36,575.35,1736658000000,2298435,2025-01-12,583.976,550.7488,,,1,1,0,0,56.8006649539066,13.661584239668173,15.97072886280676,-2.3091446231385877,617.1123774661459,550.8396225338541,580.49,24.00999999999999,15.40089285714287,5187702997.0,0.0,0.0,,0.0290155915957129,-0.010973006074047,0.0208937693432798,227050302.5,1.1085025486808149,12436822706482.824,24860791295.0,500.2585218992654,72.09810587663917,55.22307260659871,6,1,0.0,0.0,580.49,591.95,595.01,591.15,604.21,589.9580877755967,576.2965035359285,13.661584239668173,1,628.3817857142858,566.7782142857143,0.2073302494862727,19.785494810375734,19.43161922340153,19.738840536279124,42.18067477234482,81439387.05932164,0.12588567669097106,-1.0690468819289478,-0.0010197428910546646,0.06014050525120651,0.20881966218266412,-0.525180528317215,0,1,0,0,0,0
166223882.0,605.9961,600.67,607.97,610.78,598.67,1737262800000,1487945,2025-01-19,587.3565,552.8842,,,1,1,0,0,58.48823700261399,14.086462735542568,15.593875637353923,-1.507412901811355,615.1163485321204,559.5966514678796,597.58,13.199999999999932,15.802678571428576,5353926879.0,0.0,0.0,,0.0172373725871158,0.0284530153091433,0.0189257604011643,224333462.05,0.740967845282714,12537881840022.363,25027015177.0,500.97391763859895,93.44835626020064,66.06811069028811,6,1,0.0,0.0,597.58,580.49,591.95,595.01,591.15,592.7291511947357,578.6426884591931,14.086462735542568,1,639.5753571428572,576.3646428571428,0.2746225866924636,21.82722187595558,18.937567093330042,19.847734490001525,119.79734968869352,84329487.35380942,-0.2944614149181282,-0.7775809102384683,0.03793427230046964,0.12512029017691906,0.2130287310454908,1.5034006387075736,0,1,0,0,0,0
257623298.0,602.1933,594.81,601.82,609.96,594.64,1737867600000,2543169,2025-01-26,589.347,554.9304,,,1,1,0,0,58.2345286292655,13.768216967517787,15.228743903386697,-1.4605269358689092,615.0902653226749,563.6037346773251,607.97,15.32000000000005,16.15160714285715,5096303581.0,0.0,0.0,,-0.0101671413673861,0.0114451857951967,0.0201573319153199,225052346.7,1.1447261127359754,12692924693224.725,25284638475.0,502.001430859878,79.10934949871782,81.55193721185253,6,1,0.0,0.0,607.97,597.58,580.49,591.95,595.01,594.1277433186225,580.3595263511047,13.768216967517787,1,634.1232142857143,569.5167857142858,0.22089549164603375,21.35568110111306,18.484228680538806,20.09119650865884,94.06595037805364,81723465.21011813,0.1640758553111461,-0.7671405804872821,0.010595959765579144,0.07083503852244633,0.20482072430982368,0.5677924124756835,0,1,0,0,0,0
216309231.0,601.0187,592.67,600.77,608.13,590.49,1738472400000,2387225,2025-02-02,590.973,556.7887999999999,,,1,1,0,0,61.31536880566339,13.278215673851491,14.838638257479657,-1.560422583628165,615.1670559033118,566.7789440966881,601.82,17.639999999999986,16.348750000000003,4879994350.0,0.0,0.0,,-0.0017462314950498,0.014899907086747,0.0198990554531233,220976277.8,0.9788798741364264,12822876789932.592,25500947706.0,502.8392253404589,76.66122639309864,83.0729773840057,6,2,0.0,0.0,601.82,607.97,597.58,580.49,591.95,595.1496289619114,581.8714132880599,13.278215673851491,1,633.4675,568.0725,0.2137583686575246,21.09816171961165,17.463982610402045,20.756923954066366,72.13692469017637,81346068.82490325,0.45348815590113056,-0.2533753077694583,-0.0029541116919756805,0.05722833260008797,0.18296741163729435,0.7487742136356635,0,1,0,0,0,0
168857859.0,605.3869,604.03,609.7,610.99,598.51,1739077200000,1995108,2025-02-09,592.8845,558.7258,,,1,1,0,0,55.08616880247459,13.455357501618892,14.561982106307504,-1.106624604688612,616.6273349081072,569.1416650918928,600.77,12.480000000000018,14.972321428571432,5048852209.0,0.0,0.0,,0.0147548671326641,0.0503195576151183,0.0156612945770597,218436405.1,0.7730298386969746,12925829426564.893,25669805565.0,503.5421633340639,96.38047138047148,84.05034909076265,6,2,0.0,0.0,600.77,601.82,607.97,597.58,580.49,597.3881475831558,583.932790081537,13.455357501618892,1,639.6446428571429,579.7553571428572,0.24244978476096282,16.61637545391539,19.06947343221082,19.717560039655265,109.81062050136846,83856015.52808417,0.3598961796707439,-0.6829969767054196,0.003109524357940874,0.06689764992038083,0.18884664131812423,3.2129863363250823,0,1,0,0,0,0
170721497.0,607.3762,610.88,599.94,613.23,599.47,1739682000000,1715039,2025-02-16,594.2325,560.4902,,,1,1,0,0,56.42255816058661,12.66223092791381,14.182031870628766,-1.519800942714955,616.2130146963336,572.2519853036663,609.7,13.759999999999993,14.79017857142858,4878130712.0,1.0,-1.0,,-0.0161373826979573,0.0039492620234948,0.0148202670918318,214115762.4,0.7973326909070193,13028252081475.072,25840527062.0,504.17903822998545,64.91552270327358,79.31907349228123,6,2,0.0,-0.2,609.7,600.77,601.82,607.97,597.58,597.7807402626703,585.1185093347565,12.66223092791381,1,629.5203571428572,570.359642857143,0.16860865507043626,17.646845758278477,19.304316328678254,16.891508541551396,85.21416001632772,81123127.53280781,0.4232339787620749,-0.9708877498091978,-0.007067079326724124,0.04705225313274464,0.17239896818572653,0.2664769355541562,0,1,0,0,0,0
313640195.0,592.5939,602.02,594.18,603.03,582.44,1740286800000,3490542,2025-02-23,594.9625,562.1772,,,0,1,0,0,49.37541091387243,11.437049356744184,13.63303536785185,-2.1959860111076672,615.8359451043967,574.0890548956032,599.94,20.58999999999992,15.395178571428572,4564490517.0,1.0,0.15,,-0.0096473464545468,-0.0226820402322484,0.0119617536413251,219214395.5,1.4307463443932449,13214610812540.172,26154167257.0,505.25832777196774,49.709609292502456,70.33520112541585,6,2,-1.0,-0.1699999999999999,599.94,609.7,600.77,601.82,607.97,597.2267802222594,585.7897308655153,11.437049356744183,1,624.9703571428571,563.3896428571428,0.13173530562550295,16.953359701346542,26.447055547240033,16.335906408494523,-8.550024805097966,78111880.53610809,0.5494915850457137,-0.7409497919664066,0.005125602638924143,0.02519065530211506,0.16544730596473323,-1.8962120396600424,0,1,0,0,0,0
415294043.0,578.4666,596.18,575.92,597.34,565.63,1740891600000,4449356,2025-03-02,594.529,563.2714000000001,,,0,1,0,0,38.68637947149292,8.890174343927583,12.684463163066996,-3.794288819139414,616.6332886050827,572.4247113949173,594.18,31.710000000000036,17.078035714285722,4149196474.0,2.0,0.125,,-0.0312135416002189,-0.0430361237579344,0.0170404623045252,230331257.55,1.8030294603408248,13453786957784.732,26569461300.0,506.36280524756944,21.617647058823444,45.414259684866494,6,3,0.15,-0.145,594.18,599.94,609.7,600.77,601.82,593.9488140342195,585.0586396902919,8.890174343927583,1,610.0760714285714,541.7639285714286,0.06876838091729844,12.271401235410094,30.87173374192528,17.358591891961463,-121.87351689533395,65349301.47727069,0.41837582078313257,-0.4973310546462787,-0.0320834943950522,-0.014830907131494042,0.1049672876575658,-2.5255241162832025,0,1,0,0,0,0
392465389.0,558.977,567.59,562.81,569.54,549.68,1741496400000,3993844,2025-03-09,593.7175,564.0662,,,0,0,0,0,32.07742552174609,5.747634953898341,11.297097521233267,-5.549462567334926,619.156232072838,568.278767927162,575.92,26.24000000000001,18.471678571428576,3756731085.0,1.0,0.0,,-0.0230266687773174,-0.063185578507582,0.017490488144375,239876554.4,1.6361140003101529,13674670403367.822,26961926689.0,507.1844664924058,20.66089693154993,30.66271776095861,6,3,0.125,-0.145,575.92,594.18,599.94,609.7,600.77,589.1582272597242,583.4105923058258,5.747634953898341,1,599.7533571428571,525.8666428571428,0.09716529339301232,9.133673751162158,34.710280408628996,19.18212748887723,-246.89769295229033,56415384.87463491,0.555980495185185,-0.8003843506478857,-0.04922713066982021,-0.028029151699364485,0.07597453495708018,-3.6125659764529163,0,1,0,0,0,0
327034775.0,564.2188,562.79,563.98,570.95,558.03,1742097600000,2794710,2025-03-16,593.3645,564.9772,,,0,0,0,0,33.66095361871501,3.313364663090283,9.70035094960467,-6.386986286514388,620.2812171494819,566.4477828505181,562.81,12.920000000000073,18.944178571428584,4083765860.0,0.0,0.0,,0.0020766964926653,-0.0749876988682959,0.0127193358510102,245246419.7,1.3334945945390289,13859111475772.322,27288961464.0,507.865112201337,22.501966955153502,21.59350364850896,6,3,0.0,-0.145,562.81,575.92,594.18,599.94,609.7,585.2846538351513,581.971289172061,3.313364663090283,1,601.8683571428572,526.0916428571428,0.11890436995642564,9.437501531400079,33.764989997539146,18.715977164088496,-202.69671287348194,57095242.52952737,0.24983897436885608,-0.7380458715007993,-0.028441489086805993,-0.012363407116839364,0.08786142777231265,-5.895562534950663,0,1,0,0,0,0
262879367.0,568.0193,570.8,555.66,576.41,555.07,1742702400000,2504401,2025-03-23,591.238,565.8734,,,0,0,0,0,35.00887049083387,0.7047099946441904,7.901222758612575,-7.196512763968385,622.8585287082526,559.6174712917475,563.98,21.33999999999992,18.549214285714292,3820886493.0,1.0,0.1,,-0.0148621934661626,-0.0738073807380739,0.0127183919462775,246522854.55,1.066348868464374,14005183024839.545,27551840831.0,508.32113580888534,9.409913453973267,17.5242591135589,6,3,0.0,0.075,563.98,562.81,575.92,594.18,599.94,580.7270147835895,580.0223047889453,0.7047099946441904,1,592.7584285714286,518.5615714285714,0.024176790804771194,11.740967079401091,26.312627796082474,19.86563872114743,-178.41549530609072,53217168.24774431,0.28080369152048834,-0.5865598591606138,-0.07014960340038168,-0.07109781173205854,0.087716550846628,-5.80319611298936,0,1,0,0,0,0
569041127.0,538.4178,549.83,505.28,567.42,505.06,1743307200000,5201061,2025-03-30,587.2144999999999,566.0758000000001,,,0,0,0,0,22.79095154345326,-5.366056027581635,5.247767001373734,-10.61382302895537,637.0230033852015,537.4059966147984,555.66,62.35999999999996,21.944999999999997,3251845366.0,0.0,0.0,,-0.0950438653429553,-0.1496179608872732,0.0371138019402639,262849415.1,2.164894020340546,14292708125490.104,28120881958.0,508.2595967949016,0.2033835629102065,10.705087990678992,6,3,0.1,0.045,555.66,563.98,562.81,575.92,594.18,569.1197817399603,574.485837767542,-5.366056027581635,0,549.17,461.39,-0.04936620324536306,9.924161051657585,38.51869934451326,23.205373445979028,-277.48754994260287,1623942.2133707777,-2.084471548624118,5.518232276058129,-0.16890636051120955,-0.13737942808365344,0.020437838274496967,-4.031328313245996,1,1,0,0,0,0
922543372.0,514.7056,489.19,533.94,548.62,481.8,1743912000000,9299494,2025-04-06,584.136,566.5894000000001,,,0,0,0,0,34.77347892277814,-7.7749347512333316,2.643226650852321,-10.418161402085651,639.1269601757651,529.1450398242348,505.28,66.82,25.68142857142857,4174388738.0,0.0,0.0,,0.0551707420295487,-0.0728920683428252,0.0540530282620744,297904314.8,3.0967774757453763,14785290933535.783,29043425330.0,509.0753162046463,39.671307920566115,16.42820164581653,6,4,0.0,0.02,505.28,555.66,563.98,562.81,575.92,563.7075076261203,571.4824423773537,-7.7749347512333316,0,585.3028571428572,482.5771428571429,0.010005163730228342,8.480280357999662,37.39222339552227,27.665483910772878,-217.9840033187891,53951548.77116067,-0.6524899204839968,2.9002022987669673,-0.11279120002658605,-0.1033903712783999,0.05052532168575152,-1.3485286060963007,1,1,0,0,0,0
287776764.0,532.8179,544.05,526.41,544.28,520.29,1744516800000,2704196,2025-04-13,580.329,566.8918,,,0,0,0,0,35.50600343053176,-10.174313412200036,0.0797186382418496,-10.254032050441886,640.2717407132046,520.3862592867953,533.94,23.99000000000001,25.884285714285703,3886611974.0,0.0,0.0,,-0.0142030963056721,-0.0646754677422219,0.0538747962731557,304681193.25,0.9445176478742178,14936779499873.023,29331202094.0,509.2453917164375,33.94202236932204,24.60557128426612,6,4,0.0,0.02,533.94,505.28,555.66,563.98,562.81,557.9694295297941,568.1437429419941,-10.174313412200036,0,578.1785714285713,474.64142857142855,-0.03342666984112067,6.4545504717022295,37.099177657787436,31.8802215903884,-151.85528932800588,49893117.050517865,-0.5403088741194295,2.9044874579136817,-0.12377448940526325,-0.12636295743091863,0.029572258405210272,-1.200477035857999,0,1,0,0,0,0
360952366.0,533.505,521.16,550.64,551.05,508.46,1745121600000,3456827,2025-04-20,577.4705,567.4878,,,0,0,0,0,37.883324728962336,-10.005344403986442,-1.9372939702038088,-8.068050433782632,637.3478987674637,517.5931012325364,526.41,42.589999999999975,27.211428571428563,4247564340.0,0.0,0.0,,0.0450008612989549,-0.0236533210397532,0.0600213214101002,314676095.8,1.147060011286691,15135534310687.264,29692154460.0,509.7486048402856,52.37769154683099,41.99700727890638,6,4,0.0,0.02,526.41,533.94,505.28,555.66,563.98,556.8418249867489,566.8471693907353,-10.005344403986442,0,605.0628571428571,496.21714285714285,0.007876916535282998,6.139752204794734,37.55512389653627,36.95127891600861,-112.91302434622584,66507307.18402596,-0.34240090460118866,1.635199150301651,-0.09686731179268504,-0.0940589987002517,0.057215267644574075,-0.39408191194793946,0,1,0,0,0,0
312360530.0,555.8342,551.39,566.76,568.38,541.52,1745726400000,2811281,2025-04-27,575.598,568.234,,,0,0,0,0,39.66805395376826,-8.473014333118385,-3.244438042786724,-5.228576290331661,634.2849976095304,516.9110023904695,550.64,26.860000000000017,28.187142857142852,4559924870.0,0.0,0.0,,0.0288546956059173,0.0199762444660405,0.0613561357965809,321895078.9,0.9703799482347416,15312567764670.064,30004514990.0,510.3421191701811,64.6427756220041,50.32082984605237,6,4,0.0,0.0,550.64,526.41,533.94,505.28,555.66,558.3676980657106,566.8407123988289,-8.473014333118385,0,623.1342857142857,510.3857142857143,0.05924346128602267,7.424864426348788,36.255131518010884,41.15947606268514,-45.241286258758876,75651669.64152996,-0.5930996789796157,1.155995278180909,-0.055305530553055426,-0.06198176130815447,0.07046935499102824,0.32557854159010235,0,1,0,0,0,0
245340298.0,563.1323,562.57,564.34,570.31,556.04,1746331200000,2442913,2025-05-04,574.2574999999999,568.932,,,0,0,0,0,40.42411854879921,-7.368960695451278,-4.069342573319635,-3.299618122131643,632.6729207740601,515.8420792259398,566.76,14.269999999999982,28.11214285714285,4314584572.0,0.0,0.0,,-0.0042790269516929,0.116885687143762,0.0303212665193362,313314695.75,0.783047528021992,15451023108443.385,30249855288.0,510.780066923915,62.80149128813818,59.94065281899109,6,5,0.0,0.0,566.76,550.64,526.41,533.94,505.28,559.2865137479089,566.6554744433602,-7.368960695451278,0,620.5642857142857,508.1157142857143,0.08308129676645087,7.9350560254100975,35.32789592612936,45.16730516275642,-28.428079188592736,74604094.79298739,-0.6407231751241609,1.2154093916474895,-0.05022047191086865,-0.04535227945529885,0.06591870655787235,3.854906539611641,0,1,0,0,0,0
360544572.0,586.9299,581.47,594.2,594.5,577.04,1746936000000,3475521,2025-05-11,574.217,570.2685999999999,,,1,1,0,0,48.53681350496639,-4.037990344624177,-4.0630721275805435,0.0250817829563665,632.5729329415069,515.8610670584931,564.34,30.159999999999968,29.00642857142856,4675129144.0,1.0,0.0,,0.0515590562841743,0.1128591227478743,0.0293646632740623,321503148.05,1.1214340331869108,15665258693125.783,30610399860.0,511.7626285436503,85.52080955641789,70.98835882218673,6,5,0.0,0.0,564.34,566.76,550.64,526.41,533.94,564.6578193251537,568.6958096697779,-4.037990344624177,0,652.2128571428572,536.1871428571429,0.13535999010194455,13.647221059035033,33.21677460579637,47.47687442975211,42.508859120126196,93681000.41711472,-0.9415505619648101,1.3549667722470247,0.03174051951659962,-0.00136132165845948,0.12672317348351259,3.843363816602118,0,1,0,0,0,0
370870121.0,586.7928,588.1,579.11,595.54,575.6,1747540800000,4082476,2025-05-18,573.575,571.1705999999999,,,1,1,0,0,43.36931547231976,-2.5859994390517613,-3.767657589874787,1.1816581508230262,631.389512292148,515.7604877078521,594.2,19.93999999999994,29.5392857142857,4304259023.0,0.0,0.0,,-0.0257235207711025,0.1001120799376913,0.0330731175060652,329988811.85,1.1238869551995083,15880033288898.096,30981269981.0,512.5688294455618,74.03941261508027,74.12057115321211,6,5,0.0,0.0,594.2,564.34,566.76,550.64,526.41,566.8812317366685,569.4672311757203,-2.5859994390517613,0,638.1885714285714,520.0314285714286,0.06826372331845669,12.709466811444598,32.96578406400762,50.15361835101429,28.9486313597612,84262572.06657615,-0.9171798530319344,1.2419131285452951,0.02896181659885233,-0.02169102120111499,0.08445534727814086,3.0269916239198116,0,1,0,0,0,0
301708987.0,589.0143,586.07,589.39,593.2,578.43,1748145600000,3273365,2025-05-25,574.02,572.1028,524.0477999999999,,1,1,1,0,47.718326917254196,-0.5988726675741418,-3.1339006054146585,2.5350279378405167,632.194503729817,515.8454962701829,579.11,14.770000000000095,29.611428571428565,4605968010.0,0.0,0.0,,0.0175956614957432,0.0703726572715386,0.0298142578473374,333693675.6,0.9041495511040484,16057857548746.023,31282978968.0,513.3097319526998,88.74865957271304,82.76962724807039,6,5,0.0,0.0,579.11,594.2,564.34,566.76,550.64,570.3441191617965,570.9429918293706,-0.5988726675741418,0,648.6128571428571,530.1671428571428,0.11723857289465028,12.138170590212816,32.88546893012146,53.124713292478795,38.978715665080166,89618322.07324153,-1.0258223598614504,1.335866954721233,0.04505478917692107,0.01533187479543141,0.08587272928258227,2.3603684528454156,0,1,0,0,0,0
341576045.0,595.2552,587.76,599.14,600.83,585.06,1748750400000,3761483,2025-06-01,574.098,573.1954000000001,525.6537,,1,1,1,0,51.05451143804745,1.7425955740972086,-2.158601369512285,3.9011969436094938,632.4095323431866,515.7864676568133,589.39,15.770000000000095,29.26714285714286,4947544055.0,1.0,0.075,,0.0164071899248183,0.057131766532571,0.0287218582520812,338188185.9,1.0100176743045712,16262509420347.326,31624555013.0,514.2367825780394,98.58018986810043,87.12275401863126,6,6,0.0,0.015,589.39,579.11,594.2,564.34,566.76,574.7742546753663,573.031659101269,1.7425955740972086,1,657.6742857142857,540.6057142857143,0.12366385925502006,14.143115145845103,29.116024795501648,54.03453213760725,60.578785164042905,95268853.02685459,-1.2989336743870121,2.03832553619712,0.07824928913364282,0.0026105291341744774,0.10032873592771474,1.9891382423715145,0,1,0,0,0,0
346556615.0,600.8966,599.72,597.0,605.06,595.48,1749355200000,3790993,2025-06-08,573.5495,574.2510000000001,527.1309,,1,1,1,0,54.81146717794212,3.3865083494910095,-1.0495794257116262,4.436087775202636,630.7146117286351,516.3843882713649,599.14,9.579999999999927,27.686428571428568,4600987440.0,0.0,0.0,,-0.0035781802853643,0.0578729134918665,0.0286295310571585,347204822.55,0.9981330687021012,16469403719502.326,31971111628.0,515.1339093595537,93.46097679701448,93.59660874594265,6,6,0.075,0.015,599.14,589.39,579.11,594.2,564.34,578.1936001099253,574.8070917604343,3.3865083494910095,1,652.3728571428571,541.6271428571429,0.07355394987988552,16.041897783441026,26.441526275729693,52.70354540249359,74.17324812798076,94031026.88254777,0.004547289418160983,-1.3652923913297141,0.1815231158961368,-0.01804365346974357,0.09698283782293915,2.0214404896091063,0,1,0,0,0,0
332849893.0,598.7696,600.4,594.28,604.45,592.86,1749960000000,3139807,2025-06-15,573.1725,575.0437999999999,528.5518999999999,,1,1,1,0,57.54061436718263,4.418901454434945,0.0441167503176879,4.374784704117257,629.647883319218,516.6971166807821,597.0,11.590000000000032,26.639999999999997,4268137547.0,0.0,0.0,,-0.0045665246234499,0.0001346348030963,0.017847658123941,350966152.3,0.9483817479797468,16667209753914.363,32303961521.0,515.9494058671233,91.25425928930716,94.431808651474,6,6,0.0,0.015,597.0,599.14,589.39,579.11,594.2,580.6684308622445,576.2495294078095,4.418901454434945,1,647.56,541.0,0.03926596214454538,16.67202917158214,23.906048905407914,49.8101075613692,69.8919048553513,92514524.85748912,0.3453500086157733,-0.9598104425402515,0.11300895231673946,-0.012528663055398792,0.07146978220106726,0.007543551469096394,0,1,0,0,0,0
382082858.0,606.8525,595.04,614.91,616.39,591.89,1750564800000,3685341,2025-06-22,573.8795,576.1422,530.1318,,1,1,1,0,61.16249506860121,6.823096605551314,1.3999127213644131,5.4231838841869004,632.1355180672572,515.6234819327428,594.28,24.5,27.46714285714285,4650220405.0,0.0,0.0,,0.0341253268649942,0.0618189981178014,0.0162587993404189,359254833.65,1.0635427062123817,16902156324127.145,32686044379.0,517.1062037407737,98.90036406865292,94.53853338499152,6,6,0.0,0.015,594.28,597.0,599.14,589.39,579.11,585.9363645757453,579.113267970194,6.823096605551314,1,669.8442857142857,559.9757142857143,0.08012908105960537,18.908306027489726,23.186144483715964,46.513828491644674,97.54226604733553,105778254.68272302,-0.10915773790661173,-0.9415566407174235,0.16811990653673003,0.02353646154102229,0.09807317987821196,3.8021848232220345,0,1,0,0,0,0
280108304.0,619.0319,617.38,625.34,626.28,615.04,1751169600000,2769217,2025-06-29,574.6614999999999,577.6691999999999,531.9171,,1,1,1,0,65.1320361362057,9.460991990550838,3.012128575201698,6.448863415349139,635.3127405479061,514.0102594520938,614.91,11.370000000000005,26.755,4930328709.0,1.0,0.025,,0.0168195861878963,0.0609952662922683,0.0161955674373983,364817355.9,0.7678042161918975,17077319250950.504,32966152683.0,518.025849578648,99.3493909191584,96.50133809237282,6,6,0.0,0.02,614.91,594.28,597.0,599.14,589.39,591.998462333323,582.5374703427722,9.460991990550838,1,678.85,571.83,0.09251792544667868,20.59428144217114,23.803294443660633,44.294930862458855,132.33977805417513,110529404.62453568,0.019008604315324834,-0.19966181486882256,0.1356603225337789,0.025651959980318217,0.13907357146760413,3.766168049767711,0,1,0,0,0,0
