volume_1w,vw,open_1w,close_1w,high_1w,low_1w,t,transactions_1w,timestamp,sma20_1w,sma50_1w,sma100_1w,sma200_1w,close_over_sma20_1w,close_over_sma50_1w,close_over_sma100_1w,close_over_sma200_1w,rsi14_1w,macd_1w,macd_signal_1w,macd_hist_1w,bb_upper_1w,bb_lower_1w,prev_close_1w,tr_1w,atr14_1w,obv_1w,news_count,avg_sentiment,log_return_1w,ret_5_1w,vol_5_1w,avg_vol_20_1w,vol_ratio_1w,cum_vol_price_1w,cum_vol_1w,vwap_1w,stoch_k_1w,stoch_d_1w,dow_1w,month_1w,avg_sentiment_lag1_1w,sentiment_5d_ma_1w,close_lag1_1w,close_lag2_1w,close_lag3_1w,close_lag4_1w,close_lag5_1w,ema12_1w,ema26_1w,ema_diff_1w,ema_cross_1w,upper_atr_band_1w,lower_atr_band_1w,cmf20_1w,plus_di14_1w,minus_di14_1w,adx14_1w,cci20_1w,vpt_1w,roll_skew_10_1w,roll_kurt_10_1w,ret_10_1w,ret_20_1w,ret_50_1w,mom_vol_ratio_1w,vol_spike_1w,is_day_end_1w,is_week_end_1w,is_month_end_1w,is_quarter_end_1w,is_year_end_1w
25061098.0,182.8171,180.99,182.18,184.23,180.64,1689480000000,210718,2023-07-16,,,,,0,0,0,0,,0.0,0.0,0.0,,,,3.5900000000000034,,0.0,0.0,0.0,,,,,,4565630833.64,25061098.0,182.18,,,6,7,,,,,,,,182.18,182.18,0.0,0,,,-0.14206128133703672,0.0,0.0,0.0,0.0,0.0,,,,,,,0,1,0,0,0,0
26040556.0,181.8279,182.22,181.86,183.64,180.32,1690084800000,219346,2023-07-23,,,,,0,0,0,0,,-0.0255270655270862,-0.0051054131054172,-0.020421652421669,,,182.18,3.319999999999993,,-26040556.0,0.0,0.0,-0.0017580490188969,,,,,9301366347.8,51101654.0,182.01693330317647,,,6,7,0.0,,182.18,,,,,182.13076923076923,182.15629629629632,-0.02552706552708628,0,,,-0.10650656287794481,0.0,4.630969602560006,49.99999989203125,-66.66666341463431,-45740.35525304613,,,,,,,0,1,0,0,0,0
28100090.0,180.6073,182.43,180.19,183.09,179.28,1690689600000,225775,2023-07-30,,,,,0,0,0,0,,-0.1784553696804778,-0.0397754044204293,-0.1386799652600484,,,181.86,3.8100000000000023,,-54140646.0,0.0,0.0,-0.0092253105590439,,,,,14364721564.900002,79201744.0,181.36875325497888,,,6,7,0.0,,181.86,182.18,,,,181.8321893491124,182.0106447187929,-0.17845536968047782,0,,,-0.25402990393659963,0.0,12.686567152344482,66.66666656841299,-99.99999825806619,-303780.3327082328,,,,,,,0,1,0,0,0,0
26541577.0,178.4399,180.15,177.6,180.15,177.49,1691294400000,213183,2023-08-06,,,,,0,0,0,0,,-0.5028469997758123,-0.1323897234915059,-0.3704572762843063,,,180.19,2.6999999999999886,,-80682223.0,0.0,0.0,-0.0144780191806532,,,,,19078505640.1,105743321.0,180.4227960657676,,,6,8,0.0,,180.19,181.86,182.18,,,181.1810832954028,181.6839302951786,-0.5028469997758123,0,,,-0.4205090210602999,0.0,23.472429192643347,74.99999991565895,-131.4310982677464,-685281.4394844148,0.5127517900182458,,,,,,0,1,0,0,0,0
37887297.0,176.2559,176.86,175.33,177.58,174.93,1691899200000,247814,2023-08-13,,,,,0,0,0,0,,-0.9323521572604534,-0.2923822102452955,-0.6399699470151579,,,177.6,2.6699999999999875,,-118569520.0,1.0,-0.1083333333333333,-0.0128639180760325,,,,,25721285423.11,143630618.0,179.0794036903051,,,6,8,0.0,-0.0216666666666666,177.6,180.19,181.86,182.18,,180.2809166345716,181.21326879183206,-0.9323521572604534,0,,,-0.49373625079951394,0.0,35.487880649168424,79.99999992689143,-121.11002149698287,-1169539.1207344094,1.1993230151231988,0.918084720741053,,,,,0,1,0,0,0,0
29547311.0,177.0753,175.9,177.62,178.49,174.96,1692504000000,224008,2023-08-20,,,,,0,0,0,0,,-1.0755558885403218,-0.4490169459043007,-0.6265389426360211,,,175.33,3.530000000000001,,-89022209.0,0.0,0.0,0.012976524348321,-0.025030189922055,0.01121571051891,,,30969478802.93,173177929.0,178.83040282188617,,,6,8,-0.1083333333333333,-0.0216666666666666,175.33,177.6,180.19,181.86,182.18,179.87154484463753,180.94710073317785,-1.0755558885403218,0,,,-0.32297839036318543,4.638124360531015,29.10295615234297,78.75125874717641,-69.70284207332446,-783619.185811694,1.3394405750549214,1.321770055146877,,,,-2.2317059238283834,0,1,0,0,0,0
28677373.0,179.7259,177.65,180.11,181.12,177.51,1693108800000,224642,2023-08-27,,,,,0,0,0,0,,-0.9768630183061192,-0.5545861603846645,-0.4222768579214546,,,177.62,3.6100000000000136,,-60344836.0,0.0,0.0,0.013921338518608,-0.0096227867590453,0.0141747507193925,,,36134560453.96,201855302.0,179.0121938633051,,,6,8,0.0,-0.0216666666666666,177.62,175.33,177.6,180.19,181.86,179.90823025315484,180.88509327146096,-0.9768630183061191,0,,,-0.21451987643024809,15.23891518930737,24.580284104786713,70.8524302766609,4.573595572420611,-381599.93814814417,0.5244478149525439,-2.076336480456242,,,,-0.6788676683536787,0,1,0,0,0,0
19818970.0,178.3814,179.33,178.08,179.4438,177.7,1693713600000,160147,2023-09-03,,,,,0,0,0,0,,-1.050344524324288,-0.6537378331725892,-0.3966066911516988,,,180.11,2.410000000000025,,-80163806.0,0.0,0.0,-0.0113348878217314,-0.011709861812531,0.0144742717411774,,,39663922631.56,221674272.0,178.92885030681413,,,6,9,0.0,-0.0216666666666666,180.11,177.62,175.33,177.6,180.19,179.6269640603618,180.67730858468607,-1.050344524324288,0,,,-0.24578065049460782,13.806552256705674,22.269890786946128,64.92830892369787,-32.37387677742663,-604977.3691625253,0.8273546156506515,-1.357894809427983,,,,-0.8090115987737068,0,1,0,0,0,0
23765578.0,177.7401,178.97,178.34,179.105,176.36,1694318400000,197051,2023-09-10,,,,,0,0,0,0,,-1.0752050259131636,-0.738031271720704,-0.3371737541924595,,,178.08,2.744999999999976,,-56398228.0,0.0,0.0,0.0014589531794986,0.0041666666666666,0.0127947709554631,,,43902275812.079994,245439850.0,178.8718328017231,,,6,9,0.0,-0.0216666666666666,178.08,180.11,177.62,175.33,177.6,179.4289695895369,180.50417461545007,-1.0752050259131636,0,,,-0.17912354700258915,12.471375722222495,24.83706181968029,61.396771922375414,-45.52753593046073,-570279.1982281135,0.6293400712989395,-1.2945940935894371,,,,0.3256536146394536,0,1,0,0,0,0
29815047.0,179.1253,178.82,178.62,180.66,177.69,1694923200000,223349,2023-09-17,,,,,0,0,0,0,,-1.0600933958085932,-0.802443696538282,-0.2576496992703112,,,178.34,2.969999999999999,,-26583181.0,0.0,0.0,0.0015688035490066,0.0187646152968687,0.010321581269632,,,49227839507.21999,275254897.0,178.84455478813877,,,6,9,0.0,0.0,178.34,178.08,180.11,177.62,175.33,179.30451272960815,180.36460612541674,-1.0600933958085932,0,,,-0.2002037183426373,16.24940200406653,22.484452233300946,56.86681066220477,-6.298869797792781,-523468.5379163476,0.4721892044615123,-1.1759631273408475,,,,1.817996354116212,0,1,0,0,0,0
44130033.0,174.3779,178.41,171.45,178.71,171.265,1695528000000,315064,2023-09-24,,,,,0,0,0,0,,-1.6081387751191585,-0.9635827122544574,-0.6445560628647011,,,178.62,7.445000000000022,,-70713214.0,0.0,0.0,-0.0409689653468107,-0.0347370791577525,0.0209483733084926,,,56793933665.06999,319384930.0,177.82283486284086,,,6,9,0.0,0.0,178.62,178.34,178.08,180.11,177.62,178.09612615582228,179.70426493094143,-1.6081387751191585,0,,,-0.3038462773889063,13.131443295584672,34.729381434348,55.79951407351218,-170.70479413271613,-2294895.794718502,-0.9626318996983539,1.8085609555341418,-0.058897793391151754,,,-1.6582224339798997,0,1,0,0,0,0
51119119.0,169.35,170.23,169.7,170.46,168.3,1696132800000,333020,2023-10-01,,,,,0,0,0,0,,-2.1587938298482925,-1.2026249357732244,-0.956168894075068,,,171.45,3.1499999999999773,,-121832333.0,0.0,0.0,-0.0102595066687486,-0.057798012325801,0.017377322593365,,,65468848159.369995,370504049.0,176.70211253040853,,,6,10,0.0,0.0,171.45,178.62,178.34,178.08,180.11,176.80441443954192,178.9632082693902,-2.1587938298482925,0,,,-0.22104351255008214,12.145411200918854,39.189511313661484,55.53969464856795,-219.62446256535907,-2816671.5792037733,-0.7719000845188975,1.5593019909360126,-0.06686462113713854,,,-3.326057783337207,0,1,0,0,0,0
47789092.0,174.9236,171.18,178.83,179.095,171.075,1696737600000,328118,2023-10-08,,,,,0,0,0,0,,-1.837298002871421,-1.3295595491928638,-0.5077384536785572,,,169.7,9.39500000000001,,-74043241.0,0.0,0.0,0.0524034616597642,0.0042115902964958,0.0336559558850337,,,74014971481.73,418293141.0,176.94521909870377,,,6,10,0.0,0.0,169.7,171.45,178.62,178.34,178.08,177.1160429873047,178.95334099017612,-1.837298002871421,0,,,-0.08909196151497538,26.740675815222364,32.01869704313579,51.958366820125484,-38.373395111146536,-245579.00430689426,0.8006944198702594,2.198129767775156,-0.007547588656418136,,,0.12513651549571575,0,1,0,0,0,0
56692914.0,181.1721,177.84,183.59,185.23,177.535,1697342400000,438957,2023-10-15,,,,,0,0,0,0,,-1.1847608392528457,-1.3005998072048603,0.1158389679520146,,,178.83,7.694999999999993,4.217142857142856,-17350327.0,0.0,0.0,0.0262693765721693,0.0294381518447908,0.0355458326625622,,,84423223562.98999,474986055.0,177.7383202607706,90.3130537507384,,6,10,0.0,0.0,178.83,169.7,171.45,178.62,178.34,178.1120363738732,179.29679721312604,-1.1847608392528457,0,192.02428571428572,175.15571428571428,-0.00997722566681713,33.64668021110318,27.84552845056807,48.920909351732014,104.7198708212273,1263442.2485030317,0.3054341638665708,1.0224399946011167,0.03372747747747762,,,0.8281742572330637,0,1,0,0,0,0
47935018.0,183.8348,183.5099,186.15,186.36,181.68,1697947200000,361460,2023-10-22,,,,,0,0,0,0,55.01642658579732,-0.4557957014974931,-1.1316389860633869,0.6758432845658937,,,183.59,4.680000000000007,4.295,30584691.0,0.0,0.0,0.0138477898466117,0.042156533422909,0.0356043164211203,,,93346327163.69,522921073.0,178.50940033485702,98.83720930232556,,6,10,0.0,0.0,183.59,178.83,169.7,171.45,178.62,179.3486461625081,179.80444186400558,-0.45579570149749316,0,194.74,177.56,0.0743785560750007,34.916015294376194,27.340761678473086,49.790034883466724,148.61090084595344,1931853.633001103,-0.03215349169175388,1.3133949831024836,0.06171219985170806,,,1.1840283937488554,0,1,0,0,0,0
43745234.0,184.5192,185.54,184.79,186.21,182.67,1698552000000,373404,2023-10-29,,,,,0,0,0,0,53.60748584092585,0.0120350554504113,-0.9029041777606271,0.9149392332110386,,,186.15,3.5400000000000205,4.310714285714288,-13160543.0,0.0,0.0,-0.0073327551293917,0.0778069407990669,0.0258076489787251,,,101430008954.55,566666307.0,178.9942470579074,91.30675526024352,93.48567277110249,6,10,0.0,0.0,186.15,183.59,178.83,169.7,171.45,180.18577752212224,180.17374246667183,0.012035055450411392,1,193.41142857142856,176.16857142857143,0.0839017624265671,34.788732388601694,26.71085335100059,43.5853814086207,126.22370812777896,1612253.7498960784,0.2497065288380217,1.2053514852006018,0.04036707577975451,,,3.0148779036179967,0,1,0,0,0,0
35716019.0,181.7598,184.14,179.51,184.23,179.245,1699156800000,302338,2023-11-05,,,,,0,0,0,0,49.231117141564894,-0.0427646085414039,-0.7308762639167826,0.6881116553753787,,,184.79,5.5449999999999875,4.434642857142857,-48876562.0,0.0,0.0,-0.0289891285063554,0.0578078962875663,0.0311867091763822,,,107841391525.24,602382326.0,179.0248267098726,62.07087486157241,84.0716131413805,6,11,0.0,0.0,184.79,186.15,183.59,178.83,169.7,180.08181174948805,180.12457635802946,-0.04276460854140396,0,188.37928571428571,170.64071428571427,0.025939626835440897,33.8165418323562,29.805911245903754,36.89279551906265,44.76956289236957,591740.8416218195,0.5451063659841799,0.6531305642731675,-0.0033312975403920753,,,1.85360620848327,0,1,0,0,0,0
30251591.0,182.4134,179.4,183.67,184.32,179.11,1699765200000,265350,2023-11-12,,,,,0,0,0,0,56.62808473465821,0.2466403795965277,-0.5353729352141205,0.7820133148106483,,,179.51,5.2099999999999795,4.613928571428572,-18624971.0,0.0,0.0,0.0229097524574649,0.0270648101548955,0.0232282439860132,,,113397701244.21,632633917.0,179.2469518263435,85.1052048726466,79.49427833148751,6,11,0.0,0.0,179.51,184.79,186.15,183.59,178.83,180.63384071110528,180.38720033150875,0.24664037959652774,1,192.89785714285713,174.44214285714284,0.060586037338916314,32.50251566955609,26.085610337319263,30.532264785698317,71.20766777901075,1292797.153582158,0.13102464441152842,0.0355362409371871,0.03139038634321634,,,1.1651676519118683,0,1,0,0,0,0
19499110.0,184.6881,182.32,185.52,186.115,182.225,1700370000000,178359,2023-11-19,,,,,0,0,0,0,61.22988759091909,0.6181498104214427,-0.3046683860870079,0.9228181965084504,,,183.67,3.890000000000015,4.701071428571431,874139.0,1.0,0.0,0.0100220238068326,0.0105125551500626,0.0205507010055515,,,117015176131.41,652133027.0,179.4345191650752,95.34883720930232,80.84163898117377,6,11,0.0,0.0,183.67,179.51,184.79,186.15,183.59,181.3855575247814,180.76740771435996,0.6181498104214427,1,194.92214285714286,176.11785714285716,0.07952805118336334,34.62736457728067,21.71237559496877,25.026793990687537,111.35414673270044,1489200.2324736496,0.015133689158507511,-0.027001876620418943,0.040260177189637814,,,0.5115421625666757,0,1,0,0,0,0
49526757.0,189.4293,186.56,192.01,192.395,185.93,1700974800000,373250,2023-11-26,180.2575,,,,1,0,0,0,64.51482751664311,1.419894808242418,0.0402442527788772,1.3796505554635408,190.42607258522807,170.08892741477192,185.52,6.875,4.940000000000002,50400896.0,0.0,0.0,0.0343847610575488,0.0314799892559762,0.0250480272164951,35082989.2,1.4117028830599188,126524808742.97998,701659784.0,180.3221612926016,98.40215812409208,92.952066735347,6,11,0.0,0.0,185.52,183.67,179.51,184.79,186.15,183.02008713635348,181.60019232811106,1.419894808242418,1,201.89,182.13,0.136092803726968,40.717177553395466,20.662232501350072,22.18152120144122,195.64966498348602,3221782.449646992,-0.25299907522197185,-0.6091702886819869,0.07496360989810769,,,1.2567846727425576,0,1,0,0,0,0
44933199.0,187.5905,189.599,185.64,190.38,184.9,1701579600000,384052,2023-12-03,180.4305,,,,1,0,0,0,55.17305893358276,1.5237133129939764,0.3369380648218971,1.1867752481720792,190.8513909104942,170.0096090895058,192.01,7.109999999999985,5.1899999999999995,5467697.0,0.0,0.0,-0.0337381396318501,0.0045998160073597,0.0307491010879992,36076594.25,1.2454944801226628,134866207805.33998,746592983.0,180.6422118560683,71.96513799543463,88.57204444294301,6,12,0.0,0.0,192.01,185.52,183.67,179.51,184.79,183.42315065383755,181.89943734084358,1.5237133129939764,1,196.01999999999998,175.26,0.09182283536389936,35.13625102736913,21.084503162526133,22.2911226722231,122.05829829170264,1731107.6013057595,-0.10680743164559253,-0.8150388322182428,0.08276465441819769,0.018992205511032978,,0.14959183679150068,0,1,0,0,0,0
41532719.0,186.2221,184.5,187.0,189.82,183.1513,1702184400000,349619,2023-12-10,180.6875,,,,1,0,0,0,58.45017051913601,1.6961783715543677,0.6087861261683912,1.0873922453859763,191.50288840337177,169.87211159662823,185.64,6.668700000000001,5.494192857142855,47000416.0,0.0,0.0,0.0072993024816115,0.0417246950030638,0.0258115968127897,36851202.4,1.127038367681593,142632826258.33997,788125702.0,180.9772551464639,77.60946254409625,82.65891955454099,6,12,0.0,0.0,185.64,192.01,185.52,183.67,179.51,183.97343516863177,182.2772567970774,1.6961783715543675,1,197.9883857142857,176.0116142857143,0.10113958379737222,33.19088855724414,22.190572640698424,22.03421933353731,105.25172655563257,2035376.604968762,-0.31722301451759144,-0.3816422024098455,0.10194460813199768,0.028263499395138947,,1.616509011069746,0,1,0,0,0,0
29107291.0,189.164,187.5,190.27,191.88,187.24,1702789200000,249113,2023-12-17,181.1915,,,,1,0,0,0,60.69188026528051,2.072825601234996,0.9015940211817122,1.1712315800532838,192.81829713330143,169.56470286669855,187.0,4.8799999999999955,5.646692857142857,76107707.0,0.0,0.0,0.0173354991977227,0.0359340120868951,0.0251274128014016,36901562.45,0.7887820749985615,148171070516.90997,817232993.0,181.30823374247933,91.18074289271634,80.25178114408241,6,12,0.0,0.0,187.0,185.64,192.01,185.52,183.67,184.94213745038073,182.86931184914573,2.072825601234996,1,201.56338571428572,178.9766142857143,0.13295790691388115,34.90032724149534,19.896222438684536,21.62257657401517,135.69471525591962,2544365.0625623474,-0.8490015085775431,-0.3214296577687514,0.0639713694570263,0.055940951218158785,,1.4300715346299147,0,1,0,0,0,0
21099814.0,191.8158,190.97,191.17,193.1823,190.4,1703394000000,199156,2023-12-24,181.87,,,,1,0,0,0,61.12391419960997,2.416092512224253,1.2044937193902203,1.2115987928340328,194.17815561880988,169.56184438119013,190.27,2.9122999999999877,5.6425714285714275,97207521.0,0.0,0.0,0.0047189684886175,0.0304549374730485,0.0250830479228369,36629474.3,0.5760337652457109,152204721959.28998,838332807.0,181.55644236798904,91.91272510981698,86.90097684887651,6,12,0.0,0.0,190.27,187.0,185.64,192.01,185.52,185.90027015032214,183.4841776380979,2.416092512224253,1,202.45514285714285,179.88485714285713,0.15431890732947384,34.60592940976688,19.91075497241494,22.398163109769502,140.10093127313635,2644169.722256465,-0.722759689127,-0.1568644661978976,0.041287651832888406,0.07640765765765756,,1.2141636624504528,0,1,0,0,0,0
26499840.0,189.7249,191.44,189.35,191.89,188.16,1703998800000,244992,2023-12-31,182.571,,,,1,0,0,0,67.52839796318057,2.5123148212645674,1.4660579397650897,1.0462568814994777,194.90777924359767,170.23422075640232,191.17,3.7299999999999898,5.377214285714282,70707681.0,0.0,0.0,-0.0095659301931231,-0.0138534451330659,0.0197921381293346,36060101.45,0.7348797960744505,157222466663.28998,864832647.0,181.79524929901265,84.59828874340391,89.23058558197908,6,12,0.0,0.0,191.17,190.27,187.0,185.64,192.01,186.43099781950335,183.91868299823878,2.5123148212645674,1,200.10442857142857,178.59557142857142,0.18013113011968082,36.31367808128038,15.334148056570138,22.07629212550534,103.69426882620033,2391882.706511317,-0.3560638065559823,-0.5761113814254537,0.017190437818963122,0.0799634974048935,,-0.6999465162921475,0,1,0,1,1,1
28821727.0,188.3004,187.21,189.71,191.08,186.56,1704603600000,273390,2024-01-07,183.1755,,,,1,0,0,0,70.14294342661566,2.5877902506122155,1.690404401934515,0.8973858486777004,195.6745618174241,170.67643818257594,189.35,4.52000000000001,5.475071428571427,99529408.0,0.0,0.0,0.0018994360166502,0.0219241542770955,0.009709728399958,36023822.25,0.8000740954133483,162690236492.46,893654374.0,182.0505121731324,84.29342343931647,86.9348124308458,6,1,0.0,0.0,189.35,191.17,190.27,187.0,185.64,186.9354596934259,184.3476694428137,2.5877902506122155,1,200.66014285714286,178.75985714285716,0.17527036790246237,35.66463581223151,13.279278807415515,21.580225792325653,84.66748435377342,2446679.7581088888,-0.5180048832867857,-0.30133041612077704,0.0266248173602468,0.06806665916000454,,2.2579551965262357,0,1,0,0,0,0
25471120.0,187.1893,189.15,187.93,189.26,185.45,1705208400000,214353,2024-01-14,183.5665,,,,1,0,0,0,60.751417769376175,2.475438632572775,1.8474112480621672,0.6280273845106079,196.1507546148163,170.9822453851837,189.71,4.260000000000019,5.108285714285714,74058288.0,0.0,0.0,-0.0094270372959445,0.0049732620320857,0.0112010036182842,35863509.6,0.7102238538305241,167477024074.06,919125494.0,182.21344655037933,66.43318655614712,78.44163291295584,6,1,0.0,0.0,189.71,189.35,191.17,190.27,187.0,187.08846589443732,184.61302726186454,2.475438632572775,1,198.14657142857143,177.71342857142858,0.16916296251235008,26.15121091417993,15.784859329970248,22.7042960023283,57.553500766849616,2207690.808659729,-0.5352550023193702,0.8105771733454716,0.04690546487660874,0.04341791127644212,,0.4440010700431161,0,1,0,0,0,0
24939530.0,187.1725,187.23,187.01,188.37,186.32,1705813200000,202230,2024-01-21,184.013,,,,1,0,0,0,54.44386694386692,2.285813420347324,1.9350916825191984,0.3507217378281255,196.40990300883752,171.61609699116244,187.93,2.0500000000000114,4.705071428571429,49118758.0,0.0,0.0,-0.0049074617078809,-0.0171335470646976,0.0065307365270367,36119537.6,0.6904720175598261,172140965579.36,944065024.0,182.3401579374261,56.138655372611346,68.95508845602498,6,1,0.0,0.0,187.93,189.71,189.35,191.17,190.27,187.07639421837004,184.79058079802272,2.285813420347324,1,196.42014285714285,177.59985714285713,0.17215870253459004,19.078653729398642,17.13758709946144,22.41327426544183,48.67796965708291,2085600.84111862,-0.20808638117082157,1.3041119445619773,0.018184787934883317,0.05014600179694506,,-2.623520449578967,0,1,0,0,0,0
36090479.0,189.1573,188.31,188.61,191.36,187.1899,1706418000000,303116,2024-01-28,184.5265,,,,1,0,0,0,53.27825159914713,2.2388328304801064,1.9958399121113803,0.242992918368726,196.78400944909836,172.26899055090163,187.01,4.350000000000023,4.6815000000000015,85209237.0,0.0,0.0,0.0085192997024509,-0.013391222472145,0.0078149591465431,36735782.65,0.9824339212764804,178947990823.55,980155503.0,182.5710209000887,67.50850962529232,63.360117184683595,6,1,0.0,0.0,187.01,187.93,189.71,189.35,191.17,187.31233356939003,185.07350073890993,2.2388328304801064,1,197.973,179.247,0.13928780909995195,22.012633310139858,17.223875128969066,22.415923948470613,69.03860420208778,2394379.87111702,-0.1852683729531442,1.3755730808947513,0.01665588615782676,0.05758663227542904,,-1.7135349124274557,0,1,0,0,0,0
24861762.0,188.0724,186.875,187.6,189.39,186.7,1707022800000,213688,2024-02-04,184.9755,,,,1,0,0,0,53.779930051116494,2.0959411110060273,2.0158601518903096,0.0800809591157176,196.97724281203833,172.97375718796164,188.61,2.6899999999999977,4.620785714285715,60347475.0,0.0,0.0,-0.0053693544909551,-0.0092421441774491,0.0070838870407225,36488118.4,0.6813659648725543,183612057374.75,1005017265.0,182.69542600817908,60.331289128287416,61.326151375397025,6,2,0.0,0.0,188.61,187.01,187.93,189.71,189.35,187.35658994333002,185.260648832324,2.0959411110060273,1,196.84157142857143,178.35842857142856,0.14423091251099202,22.301865789321305,18.207478626361105,22.199667861493463,48.23685550130715,2261245.9989999514,-1.08780577341948,2.1733418775864513,-0.022967553773241,0.05027432538349563,,-1.3046694671477717,0,1,0,0,0,0
33976994.0,185.3673,186.6,186.34,187.27,183.78,1707627600000,281913,2024-02-11,185.72,,,,1,0,0,0,60.301659125188536,1.8595907198396449,1.9846062654801768,-0.1250155456405322,195.89774455419885,175.54225544580115,187.6,3.819999999999993,4.497571428571429,26370481.0,0.0,0.0,-0.0067390745498454,-0.0177639555110431,0.0069915034660267,35980466.45,0.9443177744017268,189943330436.71,1038994259.0,182.81461017842832,51.37752890430134,59.7391092192937,6,2,0.0,0.0,187.6,188.61,187.01,187.93,189.71,187.20019149051,185.34060077067036,1.8595907198396446,1,195.33514285714287,177.34485714285714,0.22659527202132948,22.91284184751889,17.9042657913947,22.62588065002218,8.14213107366578,2033042.3079551756,0.6113433702838915,-0.5787167588462486,0.0037707390648566985,0.0868474773986585,,-2.540788285306474,0,1,0,0,0,0
22699197.0,187.7996,187.96,188.62,189.18,187.05,1708232400000,188861,2024-02-18,186.666,,,,1,0,0,0,57.91493444195715,1.8351043367908917,1.95470587974232,-0.1196015429514283,193.5623312901249,179.7696687098751,186.34,2.8400000000000034,4.328285714285717,49069678.0,0.0,0.0,0.0121614470934598,0.0036715798435587,0.0088899002062741,34559470.35,0.6568155347901621,194224852974.85,1061693456.0,182.9387304567223,58.3629178721036,56.690578634897456,6,2,0.0,0.0,186.34,187.6,188.61,187.01,187.93,187.41862356889308,185.5835192321022,1.8351043367908915,1,197.27657142857143,179.96342857142858,0.22957113262618717,26.961020524958606,18.381741366033804,23.195050333614336,46.55240188708354,2310782.8315142603,0.5324836549089507,-1.101629636111845,0.00866310160427819,0.11149086623453153,,0.41300527883481475,0,1,0,0,0,0
32741080.0,190.0989,187.79,192.89,193.4,187.53,1708837200000,264159,2024-02-25,187.369,,,,1,0,0,0,60.93796378747398,2.135633759339129,1.9908914556616817,0.1447423036774471,193.74920260361344,180.98879739638656,188.62,5.8700000000000045,4.4697142857142875,81810758.0,1.0,0.0,0.0223856691204099,0.0314421688679749,0.012289865214442,33807069.75,0.9684684369901654,200540279896.05,1094434536.0,183.23643242198457,95.02375911091144,68.25473529577214,6,2,0.0,0.0,188.62,186.34,187.6,188.61,187.01,188.26037378906338,186.12474002972425,2.135633759339129,1,201.82942857142856,183.9505714285714,0.2086812098536107,29.983220399197265,17.800115057242408,23.37884662738702,115.98798211751661,3051978.9485750115,0.8555421760395258,-0.03262020408304928,0.01376990592316174,0.07862215511938708,,2.5583798304987493,0,1,0,0,0,0
54087930.0,198.6089,194.15,201.63,203.3,193.88,1709442000000,434105,2024-03-03,188.271,,,,1,0,0,0,63.383416805787405,3.043961554676457,2.201505475464637,0.8424560792118201,197.05113763229843,179.4908623677016,192.89,10.410000000000023,4.722214285714289,135898688.0,0.0,0.0,0.0443142564138354,0.0690313344997612,0.0211885953806597,33676820.55,1.6060877813478744,211446029221.95,1148522466.0,184.1026496924876,91.71162407500228,81.69943368600578,6,3,0.0,0.0,192.89,188.62,186.34,187.6,188.61,190.3172393599767,187.27327780530024,3.043961554676457,1,211.07442857142857,192.18557142857142,0.21302597000330017,33.85563672704155,16.848330834982352,23.440891152423692,283.4674281793765,5502746.267772485,1.4555353329967105,1.892903360379213,0.05471569806978094,0.09826243259436773,,3.257946111109835,0,1,0,0,0,0
34115890.0,200.6252,201.71,199.71,202.41,199.16,1710046800000,300660,2024-03-10,188.949,,,,1,0,0,0,72.3404255319149,3.567762972052691,2.474756974782248,1.093005997270443,199.0364051746667,178.86159482533333,201.63,3.25,4.446500000000005,101782798.0,1.0,0.0,-0.0095680203692622,0.0645522388059702,0.0221761522053126,32985864.15,1.034257882251055,218259313613.85,1182638356.0,184.5528791676109,82.18247331093322,89.639285498949,6,3,0.0,0.0,201.63,192.89,188.62,186.34,187.6,191.7622794584418,188.19451648638912,3.567762972052691,1,208.603,190.817,0.11713899041651309,35.954924413109026,16.23845399813042,24.353886005546375,240.090238446028,5177881.372667591,1.455492558869522,1.8927927406780276,0.05471349353049915,0.0728444802578565,,2.910884138036555,0,1,0,0,0,0
35765152.0,200.7815,199.66,200.35,203.92,198.935,1710648000000,301085,2024-03-17,189.727,,,,1,0,0,0,71.69320766980823,3.9885445614836215,2.7775144921225228,1.2110300693610987,200.8144003407375,178.63959965926247,199.71,4.984999999999985,4.326235714285717,137547950.0,0.0,0.0,0.0031995228014316,0.0751851454330791,0.0203930924085879,32586860.05,1.0975329303014574,225424861817.05,1218403508.0,185.01658960838284,82.27408142999009,85.38939293864188,6,3,0.0,0.0,199.71,201.63,192.89,188.62,186.34,193.08346723406615,189.09492267258253,3.9885445614836215,1,209.00247142857143,191.69752857142856,0.08157776614750713,39.44752365724613,13.802662490518378,26.375056192783052,205.02535520812827,5292496.050350231,1.4340837077004895,1.858340927842966,0.05608560434347165,0.0842036906759025,,3.6867929129516495,0,1,0,0,0,0
25008880.0,203.2623,201.19,205.72,206.05,200.965,1711252800000,254478,2024-03-24,191.03749999999997,,,,1,0,0,0,73.50167325829021,4.701139316035096,3.162239456905038,1.5388998591300584,203.18536422640432,178.8896357735956,200.35,5.700000000000017,4.384807142857148,162556830.0,2.0,0.2740909090909091,0.0264501838245619,0.0906584667585621,0.0209765229409468,32051503.1,0.7802716746847357,230569688610.65,1243412388.0,185.43299941020857,98.51818590031428,87.65824688041253,6,3,0.0,0.0548181818181818,200.35,199.71,201.63,192.89,188.62,195.02754919805597,190.32640988202087,4.701139316035096,1,214.48961428571428,196.95038571428572,0.16668310910615952,39.034621161211746,13.618289122730879,27.867198291519703,204.8739033448841,5962811.426442073,0.908454799306673,0.12921261391208208,0.09466290640131958,0.14600857890925312,,4.32189947756305,0,1,0,0,0,0
63995204.0,211.1566,208.68,215.14,215.74,206.29,1711857600000,554416,2024-03-31,192.611,,,,1,0,0,0,78.95626963034549,5.957318803891269,3.721255326302285,2.2360634775889845,208.35963589748573,176.8623641025143,205.72,10.02000000000001,4.892500000000006,226552034.0,0.0,0.0,0.0447729580971438,0.1153507180258177,0.024424360296691,33738683.75,1.896790179314568,244337616799.21,1307407592.0,186.88710261000995,98.12265331664574,92.97164021565004,6,3,0.2740909090909091,0.0548181818181818,205.72,200.35,199.71,201.63,192.89,198.12177239835503,192.16445359446377,5.957318803891269,1,224.925,205.35499999999996,0.20749846722316312,47.229724790535094,12.205124459857636,30.151057551098173,237.01097283359704,8893177.077229543,0.49736106704879796,-1.0453030609228584,0.15041976364900278,0.17133990308705838,,4.722771421519323,0,1,0,1,1,0
78965203.0,218.3089,215.98,216.89,225.09,214.61,1712462400000,699873,2024-04-07,194.1795,,,,1,0,0,0,83.32526621490801,7.013216478947925,4.379647556831413,2.6335689221165115,212.91913710820904,175.439862891791,215.14,10.47999999999999,5.374642857142864,305517237.0,0.0,0.0,0.0081013335706564,0.0756831820661607,0.0212551795082005,36711988.4,2.1509377846719957,261464379677.88,1386372795.0,188.59601156403247,80.15008472524809,92.26364131406936,6,4,0.0,0.0548181818181818,215.14,205.72,200.35,199.71,201.63,201.00919202937735,193.99597555042942,7.013216478947925,1,227.6392857142857,206.14071428571427,0.11150869558292172,55.4189647078983,8.133297892466828,32.56420221881152,227.22962102404657,9535498.84561292,0.5035023282233019,-1.046993902688953,0.1499390276231376,0.16909228115567032,,3.5606919447583016,1,1,0,0,0,0
50673981.0,220.0834,217.94,221.03,222.36,215.16,1713067200000,540404,2024-04-14,195.6305,,,,1,0,0,0,84.72283813747227,8.09082045252282,5.121882135969694,2.9689383165531256,217.83628916930388,173.42471083069609,216.89,7.200000000000017,5.566071428571435,356191218.0,0.0,0.0,0.0189081263368351,0.1067547944519553,0.016431072797102,36769349.6,1.378158209249369,272664849698.31,1437046776.0,189.73971776845627,90.17187121762284,89.4815364198389,6,4,0.0,0.0548181818181818,216.89,215.14,205.72,200.35,199.71,204.08931633255006,195.99849588002724,8.09082045252282,1,232.16214285714287,209.89785714285713,0.09545844740622297,53.51299325588536,5.80032082055819,35.04313117936691,181.75361111177037,10502764.65473276,0.26958054726968095,-0.8070917350064752,0.17819829424307043,0.15113796156450188,,6.497124734273992,0,1,0,0,0,0
42750673.0,215.6433,216.35,216.62,217.0676,213.87,1713672000000,454480,2024-04-21,197.1795,,,,1,0,0,0,80.05447307772889,8.49109911612112,5.79572553199998,2.69537358412114,220.7322273870441,173.62677261295593,221.03,7.159999999999997,5.773214285714291,313440545.0,0.0,0.0,-0.0201537725037597,0.0812078861991516,0.0240535479538966,36660223.3,1.166132367775294,281925500483.57,1479797449.0,190.51627685538065,79.49648995400631,83.27281529895907,6,4,0.0,0.0548181818181818,221.03,216.89,215.14,205.72,200.35,206.01711381985004,197.52601470372892,8.49109911612112,1,228.16642857142858,205.07357142857143,0.1824580428072683,51.59294772018644,5.814908752760273,38.97329909737396,130.18649505718102,9649801.401192516,-0.11052385891847759,-0.4802193921293433,0.16249865836642696,0.16688213747037284,,3.376127820873842,0,1,0,0,0,0
42943242.0,213.442,216.02,212.96,217.215,210.71,1714276800000,445549,2024-04-28,198.4775,,,,1,0,0,0,75.70834158906283,8.415977281434635,6.319775881886912,2.0962013995477236,222.5242876178262,174.43071238217385,216.62,6.5049999999999955,6.091428571428575,270497303.0,0.0,0.0,-0.0170403117607895,0.035193466848143,0.0268562973472538,36730749.45,1.1691360139127245,291070693299.89,1522740691.0,191.1492186556995,70.63664972161706,80.10167029774874,6,4,0.0,0.0,216.62,221.03,216.89,215.14,205.72,207.0852501552577,198.66927287382308,8.415977281434635,1,225.14285714285717,200.77714285714285,0.15536865510822734,48.897748587136746,9.216580674341369,43.46769575903203,100.92099156301774,8924234.668111544,0.0313412007923641,-1.194175179048088,0.12904251935107625,0.1388235294117648,,1.310435809103954,0,1,0,0,0,0
32865034.0,216.0755,215.14,218.71,219.6,213.5,1714881600000,332843,2024-05-05,199.8995,,,,1,0,0,0,77.55400952032223,8.719902028829154,6.799801111275361,1.9201009175537929,225.23193103425447,174.56706896574556,212.96,6.639999999999986,6.255000000000002,303362337.0,0.0,0.0,0.0266422967276594,0.0165938458678072,0.0210673716750809,36918636.6,0.8902017253800754,298258604886.03,1555605725.0,191.73149088663197,84.55579762769307,78.22964576777214,6,5,0.0,0.0,212.96,216.62,221.03,216.89,215.14,208.87367320829497,200.15377117946582,8.719902028829154,1,231.22,206.20000000000002,0.17403570293570342,46.92817174295669,8.975562406192102,47.44515057815905,109.91933394181456,9811602.932104781,-0.016390224426271794,-1.301233938496225,0.13385867592928635,0.14947180322699327,,0.7876558237626119,0,1,0,0,0,0
33607326.0,220.111,217.06,223.66,223.8501,215.8,1715486400000,348062,2024-05-12,201.524,,,,1,0,0,0,80.78893442622953,9.253519400390928,7.290544769098474,1.962974631292454,228.6059593476037,174.44204065239632,218.71,8.050099999999986,6.637864285714286,336969663.0,0.0,0.0,0.0223803902255811,0.0312139794365808,0.0227805210209519,37544012.2,0.8951447655879463,305775219419.19,1589213051.0,192.4066878426296,96.53836843379324,83.91027192770113,6,5,0.0,0.0,218.71,212.96,216.62,221.03,216.89,211.14849271471113,201.8949733143202,9.253519400390928,1,236.93572857142857,210.38427142857142,0.22632688348601385,48.79484687428564,7.930691992375889,51.868801033569675,116.59915491529263,10572227.794708224,-0.08390553181114321,-0.9552344523927913,0.10925953479144979,0.16995344457812434,,1.3702042067356732,0,1,0,0,0,0
32636880.0,220.178,223.79,215.92,225.66,215.66,1716091200000,301783,2024-05-19,202.8525,,,,1,0,0,0,72.73985239852398,8.948706578675626,7.622177131013905,1.3265294476617209,230.026577333874,175.67842266612604,223.66,10.0,7.079292857142859,304332783.0,0.0,0.0,-0.035219072890293,-0.0231190336153463,0.0275599387182442,37850864.2,0.8622492693310817,312822174548.79,1621849931.0,192.87985193297763,74.77337477337474,85.28918027828702,6,5,0.0,0.0,223.66,218.71,212.96,216.62,221.03,211.88257075860173,202.9338641799261,8.948706578675626,1,230.0785857142857,201.76141428571427,0.19629105081556342,47.57840017843,4.489956119054458,56.90328907812263,92.48363805565239,9442792.709310746,-0.42759944710752207,-0.7213811098074946,0.08116769315507466,0.14032215473989962,,-0.8388634482487953,0,1,0,0,0,0
16683122.0,216.6264,218.43,215.3,218.59,214.65,1716696000000,180600,2024-05-26,204.132,,,,1,0,0,0,71.0476491006627,8.55845486275993,7.809432677363111,0.7490221853968198,231.10964111259537,177.15435888740467,215.92,3.9399999999999977,7.157864285714287,287649661.0,1.0,0.4549999999999999,-0.0028755643394317,-0.006093620164343,0.0261832297595157,37243933.95,0.4479419929805777,316414050715.38995,1638533053.0,193.10812811256116,72.8297928140572,81.38051200707507,6,5,0.0,0.091,215.92,223.66,218.71,212.96,216.62,212.40832910343224,203.8498742406723,8.55845486275993,1,229.61572857142858,200.98427142857145,0.16924505156174635,45.15013955228563,5.448552590462562,61.156340298452676,68.70642677184901,9394888.227836126,-0.3372871537613108,-0.8834191876910299,0.07461941602196176,0.13489009540878194,,-0.23272980044909886,0,1,0,0,0,0
34620180.0,215.7644,215.92,211.6,219.97,211.54,1717300800000,306334,2024-06-02,205.3155,,,,1,0,0,0,64.89412513930904,7.860013149575138,7.8195487718055166,0.0404643777696218,231.3610879484212,179.26991205157884,215.3,8.430000000000007,7.340721428571429,253029481.0,0.0,0.0,-0.017334704386173,-0.0063861758076634,0.0262279847608362,37701386.95,0.9182733793298816,323739680803.38995,1673153233.0,193.49075411516117,55.75833857772184,67.78716872171792,6,6,0.4549999999999999,0.091,215.3,215.92,223.66,218.71,212.96,212.28397077982729,204.42395763025215,7.860013149575138,1,226.28144285714285,196.91855714285714,0.1117353204580779,39.91919828433376,8.339001323503716,64.00944798092303,52.63813715024993,8799929.258955494,0.13408707256079802,-1.0191767323148764,0.028582539373906313,0.12595115202468987,,-0.24348700180462426,0,1,0,0,0,0
25933204.0,214.3924,213.13,215.73,216.55,212.26,1717905600000,241539,2024-06-09,206.7515,,,,1,0,0,0,62.11340206185567,7.552686871158841,7.766176391676182,-0.2134895205173412,231.69100007940256,181.81199992059743,211.6,4.950000000000017,6.950721428571429,278962685.0,0.0,0.0,0.0193299257983681,-0.013625348635179,0.024423500501869,37751070.65,0.6869528083172391,329334250902.30994,1699086437.0,193.830192349602,62.84377923292793,63.81063687490232,6,6,0.0,0.091,211.6,215.3,215.92,223.66,218.71,212.8141291213923,205.26144225023347,7.552686871158841,1,229.63144285714284,201.82855714285714,0.14360101932779673,31.985374587839765,8.806896713824468,65.67219091794475,49.820476523673356,9306092.456119956,-0.2827761218166042,-1.4790890180511431,0.0027424002974807404,0.15357467515106138,,-0.5578783866527429,0,1,0,0,0,0
24957001.0,215.8945,214.9,214.78,218.7413,213.6,1718510400000,223120,2024-06-16,208.06,,,,1,0,0,0,63.1661715883278,7.150050192956257,7.642951151932197,-0.4929009589759401,231.7042849442801,184.41571505571991,215.73,5.141300000000001,7.085814285714286,254005684.0,0.0,0.0,-0.0044133773524418,-0.0397031208083697,0.0200873753301475,37194396.75,0.6709881912522213,334694515577.08997,1724043438.0,194.13345870528465,59.28905519176802,59.29705766747259,6,6,0.0,0.091,215.73,211.6,215.3,215.92,223.66,213.11657079502427,205.96652060206802,7.150050192956257,1,228.95162857142859,200.60837142857142,0.1430733424881162,33.58450586044303,8.638990981111249,67.1938974242256,50.06064054494915,9196190.490931991,-0.078801236579682,-1.4752853518095468,-0.009728433768269595,0.13875192195535746,,-1.9765200973559538,0,1,0,0,0,0
22094382.0,214.6234,215.55,215.01,215.94,212.1204,1719115200000,219154,2024-06-23,209.4305,193.561,,,1,1,0,0,62.90038718761,6.771459630911977,7.468652847728154,-0.697193216816177,231.18329048040056,187.67770951959943,214.78,3.819600000000008,7.0025714285714304,276100066.0,0.0,0.0,0.0010702902438669,-0.0042145238977399,0.0132236797677907,37056027.75,0.5962425910586167,339445028650.91,1746137820.0,194.39761556216104,56.8738611054869,59.66889851006095,6,6,0.0,0.091,214.78,215.73,211.6,215.3,215.92,213.40786759578978,206.6364079648778,6.771459630911977,1,229.01514285714285,201.00485714285713,0.1700012623418277,32.443490143167445,10.250928229400325,67.46681258512926,36.75714138982174,9219850.551738394,0.10811302774565551,-1.0216412034431792,-0.02723612179342172,0.14610874200426438,,-0.3187101309655139,0,1,0,0,0,0
19720456.0,217.5984,215.25,220.93,221.28,214.485,1719720000000,202106,2024-06-30,211.16,194.336,,,1,1,0,0,63.25605717273838,6.869926174827015,7.3489075131479265,-0.4789813383209118,230.5554275675044,191.7645724324956,215.01,6.7949999999999875,7.080785714285715,295820522.0,0.0,0.0,0.0271613705889993,0.0261495587552251,0.0180224448514365,36343200.85,0.542617478339143,343801868994.99,1765858276.0,194.6939194768029,75.58079504388235,63.914570447045755,6,6,0.0,0.0,215.01,214.78,215.73,211.6,215.3,214.56511873489904,207.69519256007203,6.869926174827015,1,235.09157142857143,206.7684285714286,0.17583953937636623,35.32325911820485,10.137696582286297,67.9760238735851,66.92674124077149,9762825.759961268,-0.29715967919103864,-1.0213185579030488,0.019896593112362693,0.18562842116561118,0.21270172357009542,1.450943224482031,0,1,0,1,1,0
29754769.0,220.8954,219.64,223.11,224.1489,217.265,1720324800000,280553,2024-07-07,212.88449999999995,195.16099999999997,,,1,1,0,0,57.949331737482574,7.042685704392056,7.287663151396753,-0.2449774470046968,229.81867780391863,195.95032219608132,220.93,6.883900000000011,6.856778571428571,325575291.0,0.0,0.0,0.0098190141203817,0.0543950850661627,0.0129162416348292,36695979.45,0.8108454780595861,350440455506.58,1795613045.0,195.16479704934423,82.94314381270912,71.79926665402611,6,7,0.0,0.0,220.93,215.01,214.78,215.73,211.6,215.8797158526069,208.83703014821484,7.042685704392056,1,236.82355714285717,209.39644285714286,0.18778857215397085,29.37156036108462,10.468889491997086,67.15577578945827,90.8263859402905,10056427.337021878,-0.718288387713324,-0.10338602105752262,0.04766153268219386,0.18285441628671406,0.22682283074892773,4.2113677097683775,0,1,0,0,0,0
39428928.0,225.7374,223.39,221.73,229.65,221.41,1720929600000,355485,2024-07-14,214.3265,195.9918,,,1,1,0,0,54.863344051446944,6.987694615539681,7.227669444225339,-0.239974828685658,228.82888350645905,199.82411649354097,223.11,8.240000000000009,6.696778571428573,286146363.0,0.0,0.0,-0.0062044979184135,0.027812543457099,0.0136268173665672,37030371.85,1.0647726725433897,359183031712.02,1835041973.0,195.7355946059442,58.183738120380056,72.23589232565718,6,7,0.0,0.0,223.11,220.93,215.01,214.78,215.73,216.77975956759045,209.79206495205077,6.987694615539681,1,235.12355714285712,208.33644285714286,0.10046266305899217,25.96802940156,10.719013085106054,64.8101149777245,125.69672660089061,9812547.992124738,-0.46365695677013485,-0.006408868880633634,0.013808239220886032,0.14951526776919488,0.23053443587324485,2.041013855164542,0,1,0,0,0,0
32714381.0,220.8081,221.58,220.63,224.88,217.52,1721534400000,296848,2024-07-21,215.2765,196.8524,,,1,1,0,0,49.571917808219176,6.777229293897051,7.137581414159682,-0.3603521202626307,228.72815890767436,201.82484109232564,221.73,7.359999999999985,6.708207142857142,253431982.0,0.0,0.0,-0.0049733351446248,0.0272371729211284,0.0137304273641103,35961694.4,0.9097007676034308,366400805592.0501,1867756354.0,196.17162849285108,52.375923970432886,64.50093530117402,6,7,0.0,0.0,221.73,223.11,220.93,215.01,214.78,217.3721042494996,210.59487495560256,6.777229293897051,1,234.0464142857143,207.2135857142857,0.04786477184534528,25.9237884482735,14.84279917086182,61.005814226980206,82.87502524483646,9650252.32126378,-0.2397029688951081,0.6342329115022106,-0.013547348654207259,0.09423200912562613,0.24228603603603616,1.983707597860143,0,1,0,0,0,0
35247751.0,224.414,221.26,225.34,228.76,219.045,1722139200000,371376,2024-07-28,216.558,197.8526,,,1,1,0,0,59.27264993619736,6.910827924588489,7.092230716245443,-0.1814027916569545,228.57213308084292,204.54386691915707,220.63,9.715000000000003,6.890707142857143,288679733.0,0.0,0.0,0.0211232824157397,0.0480442770103717,0.0150263870156822,36018287.45,0.9786070770002696,374343533802.3901,1903004105.0,196.71188980561345,77.24392819429777,62.60119676170357,6,7,0.0,0.0,220.63,221.73,223.11,220.93,215.01,218.59793436496122,211.68710644037273,6.910827924588489,1,239.12141428571428,211.55858571428573,0.09359960782802557,29.2591782484216,13.11248378892146,58.03192342818823,127.40267525269631,10402719.833433481,0.3397121528136318,-1.0164086724877859,0.043627269359021836,0.1283360873266235,0.2852335595733759,3.1973251445593114,0,1,0,0,0,0
39357166.0,222.0956,220.56,224.56,225.28,220.11,1722744000000,387675,2024-08-04,217.7685,198.7914,,,1,1,0,0,63.14000906207521,6.874521120434025,7.04868879708316,-0.1741676766491346,227.5840478705976,207.9529521294024,225.34,5.22999999999999,6.799635714285714,249322567.0,0.0,0.0,-0.0034674406823928,0.0164305436110985,0.0118821348009266,36197888.15,1.0872779604409049,383181578999.3501,1942361271.0,197.2761631527352,71.89398122584207,67.17127779685758,6,8,0.0,0.0,225.34,220.63,221.73,223.11,220.93,219.51517523189025,212.64065411145623,6.874521120434025,1,238.15927142857143,210.96072857142858,0.15371356811935236,29.651063236617592,9.968601258053885,56.70315959435563,105.38406587464996,10266487.520129139,0.34816207778734337,-1.033762749863826,0.04300975383186256,0.12083853256800614,0.2642720414367752,1.3827927437660248,0,1,0,0,0,0
34730838.0,228.4359,226.14,231.99,232.02,225.12,1723348800000,348796,2024-08-11,219.082,199.829,,,1,1,0,0,64.4914884329987,7.360440050279578,7.111039047722444,0.2494010025571347,229.1367733623595,209.02722663764055,224.56,7.460000000000008,6.858207142857144,284053405.0,0.0,0.0,0.0325513352354267,0.0398009950248756,0.0178632132485176,36683986.05,0.9467574748464392,391238786106.9701,1977092109.0,197.88596814786544,99.853515625,82.99714168171327,6,8,0.0,0.0,224.56,225.34,220.63,221.73,223.11,221.43437904236868,214.0739389920891,7.360440050279578,1,245.7064142857143,218.27358571428573,0.16894029970873597,33.93358738758947,9.883466002684633,55.774471175882695,209.2890795234807,11415624.171091018,0.41686006261832564,-1.6176939714664509,0.09636105860113431,0.1276978417266188,0.28804619399256004,2.2280970500762525,0,1,0,0,0,0
30692756.0,231.5048,230.15,232.02,234.01,228.26,1723953600000,319900,2024-08-18,219.926,200.90780000000004,,,1,1,0,0,60.22004889975551,7.659659268246543,7.220763091827264,0.4388961764192789,231.3307402886968,208.52125971130317,231.99,5.75,6.693914285714287,314746161.0,0.0,0.0,0.0001293075582069,0.0464077932620756,0.0168151222790553,35018863.65,0.8764635056911677,398360119354.0901,2007784865.0,198.40777082164632,91.14374721851364,87.63041468978524,6,8,0.0,0.0,231.99,224.56,225.34,220.63,221.73,223.06293611277349,215.40327684452694,7.659659268246543,1,245.40782857142858,218.63217142857144,0.11069358906005608,32.35476146431993,10.126041990152451,54.36648060867163,201.44353843817495,11419593.233033344,0.8532627817681367,-0.9683231519898469,0.07551105548602433,0.07846053732453306,0.3028975741239892,2.7598827349030435,0,1,0,0,0,0
23815596.0,232.2577,233.45,231.29,233.61,230.5501,1724558400000,256810,2024-08-25,220.646,201.9668,,,1,1,0,0,72.67630569489522,7.748567096930088,7.326323892847829,0.4222432040822594,233.02066580090963,208.2713341990904,232.02,3.0599000000000274,6.198192857142861,290930565.0,0.0,0.0,-0.003151240439853,0.0483161854688845,0.0164504043670068,32261383.3,0.7382075275116923,403868428552.9301,2031600461.0,198.7932353363106,87.89497107254117,92.96407797201827,6,8,0.0,0.0,232.02,231.99,224.56,225.34,220.63,224.32863824926986,216.58007115233977,7.748567096930088,1,243.6863857142857,218.89361428571428,0.17022743412551933,32.856696706199266,10.93590643229697,52.03093136483445,169.59867603224637,11344662.687907923,0.8610823615449427,-0.9493098829663238,0.07686935468851841,0.06639310249435204,0.2969047886060334,2.937080148314572,0,1,0,0,0,0
22251834.0,230.7782,230.38,230.63,232.89,228.52,1725163200000,268373,2024-09-01,221.126,203.007,,,1,1,0,0,72.59062776304148,7.677271896076121,7.396513493493488,0.2807584025826335,234.28337519816375,207.9686248018362,231.29,4.369999999999976,6.228907142857145,268678731.0,0.0,0.0,-0.0028576396308263,0.0234756368154787,0.0156687395730852,30840275.95,0.7215186412753223,409000369028.3501,2053852295.0,199.1381610177328,84.95772140631956,87.99881323245812,6,9,0.0,0.0,231.29,232.02,231.99,224.56,225.34,225.29807851861295,217.62080662253683,7.677271896076121,1,243.08781428571427,218.17218571428572,0.12502951816040614,32.69468273697461,12.051758676762606,49.72160604042192,130.7285089835779,11281165.734126957,0.8831515096295394,-0.9834498662685905,0.07264778382400827,0.04343301814233369,0.2911767999104242,1.4982457091409314,0,1,0,0,0,0
29954631.0,234.7589,231.26,238.68,238.98,230.39,1725768000000,309607,2024-09-08,222.229,204.3516,,,1,1,0,0,85.37095088819223,8.176088796876286,7.552428554170048,0.6236602427062383,237.3482465699219,207.10975343007803,230.63,8.590000000000003,6.240335714285716,298633362.0,0.0,0.0,0.0343090478772999,0.0628785179907374,0.0194363157554178,30200473.85,0.9918596360036912,416149940355.4301,2083806926.0,199.70657317770625,98.88308090961895,90.57859112949323,6,9,0.0,0.0,230.63,231.29,232.02,231.99,224.56,227.35683566959557,219.18074687271928,8.176088796876286,1,251.16067142857145,226.19932857142857,0.12284416705557445,39.6055844019832,8.469896879578338,49.6733280232125,167.76119427611457,12326713.926252875,0.9473637924574608,-0.8551196101094922,0.08034218983388408,0.10183731880712776,0.39212598425196865,3.235103114754611,0,1,0,0,0,0
34536416.0,238.9018,238.73,242.21,242.625,235.3,1726372800000,365120,2024-09-15,223.6915,205.8018,,,1,1,0,0,85.13800424628447,8.755320399533076,7.793006923242654,0.9623134762904222,240.5896970698213,206.79330293017867,238.68,7.324999999999989,6.409978571428572,333169778.0,0.0,0.0,0.014681375804354,0.0440536230009913,0.0161172082342391,29780132.55,1.1597133069174337,424515005674.7901,2118343342.0,200.39952790372075,98.63954944500176,94.16011725364676,6,9,0.0,0.0,238.68,230.63,231.29,232.02,231.99,229.64193787427317,220.8866174747401,8.755320399533076,1,255.02995714285714,229.39004285714287,0.19821649953557233,42.619152945394376,8.245737392899011,50.441694000349905,180.16240547146646,12837496.348240474,0.8192760042977688,-1.1383921310915963,0.0856079960557572,0.13734973703981979,0.4272834413671185,2.7333267044436145,0,1,0,0,0,0
36439158.0,245.1002,242.97,245.02,247.37,242.585,1726977600000,347848,2024-09-22,225.007,207.1256,,,1,1,0,0,88.23975720789068,9.333518146349292,8.101109167863981,1.23240897848531,244.2113680338338,205.80263196616616,242.21,5.159999999999997,6.411314285714285,369608936.0,0.0,0.0,0.0115347214077894,0.0560296526161536,0.015406128244639,29958838.75,1.2163074244658432,433443328167.9501,2154782500.0,201.15409706917055,93.33325768235667,96.95196267899246,6,9,0.0,0.0,242.21,238.68,230.63,231.29,232.02,232.00779358592345,222.67427543957416,9.333518146349292,1,257.8426285714286,232.19737142857144,0.15926962929785624,45.4553557053763,8.244019500320379,51.17140545945597,188.30461353295243,13260245.342831947,0.6375586548465365,-1.2018055928570246,0.10503765841338564,0.1202962827488454,0.3701280545769725,3.6368395328174272,0,1,0,0,0,0
35894760.0,245.0306,243.97,245.0,246.98,242.5,1727582400000,367155,2024-09-29,226.074,208.3538,,,1,1,0,0,88.12611238240521,9.678561758283962,8.416599685947977,1.2619620723359848,247.2349007867163,204.91309921328363,245.02,4.47999999999999,6.458485714285713,333714176.0,0.0,0.0,-8.162932129756829e-05,0.0592762333001859,0.0147533852150622,30073210.45,1.1935792508644518,442237544367.9501,2190677260.0,201.872522458169,92.79306674775732,94.92195795837192,6,9,0.0,0.0,245.02,242.21,238.68,230.63,231.29,234.00659457270447,224.3280328144205,9.678561758283962,1,257.9169714285714,232.08302857142857,0.11235405187167541,45.123359296393765,6.641428551734627,52.768546043183804,153.09188585544436,13257315.397521358,0.6753758231076324,-1.1262964609588972,0.11045642025109914,0.0954126799606545,0.3344953428835993,4.017802847148632,0,1,0,0,0,0
26211055.0,243.0435,244.58,245.47,245.92,240.63,1728187200000,315808,2024-10-06,227.5515,209.5402,,,1,1,0,0,86.21605667060203,9.876090949876245,8.70849793873363,1.1675930111426125,249.8245124873836,205.27848751261635,245.0,5.289999999999992,6.350985714285713,359925231.0,0.0,0.0,0.0019165296302016,0.064345488444695,0.0137079179351168,29751919.2,0.8809870322584098,448671572038.8001,2216888315.0,202.387990862228,93.68875602059455,93.27169348356954,6,10,0.0,0.0,245.0,245.02,242.21,238.68,230.63,235.77019540767301,225.89410445779677,9.876090949876243,1,258.1719714285714,232.76802857142857,0.20211874339416297,39.88132325467125,8.857005323261717,53.358149019346904,125.85494488500066,13307597.829562172,1.1338623383862325,-0.15869407891398676,0.08933167657761598,0.13685624305298272,0.3186677410690304,4.694034630854421,0,1,0,0,0,0
27999696.0,247.8719,245.16,251.27,251.37,244.26,1728792000000,316518,2024-10-13,229.35,210.8698,,,1,1,0,0,87.54666666666658,10.38098030568358,9.04299441212362,1.3379858935599582,253.21007279293588,205.4899272070641,245.47,7.110000000000014,6.3671357142857135,387924927.0,0.0,0.0,0.0233533180203362,0.0527484498072734,0.0096068865135491,30317747.9,0.9235414217558028,455707055652.72,2244888011.0,202.997678913044,99.7045790251108,95.39546726448756,6,10,0.0,0.0,245.47,245.0,245.02,242.21,238.68,238.15478072956947,227.7738004238859,10.380980305683579,1,264.0042714285714,238.5357285714286,0.26166031700789727,42.675726577809115,8.834539862751162,54.66186459771547,141.94509911538478,13969178.620697545,0.6559991080160662,-1.2052795589547343,0.11894371214820088,0.16706920575940543,0.3597597272579687,5.490685751936596,0,1,0,0,0,0
33425832.0,252.2977,252.74,253.32,253.94,250.2,1729396800000,362508,2024-10-20,231.436,212.346,,,1,1,0,0,91.38066544406598,10.821779882960726,9.398751506291042,1.4230283766696843,256.0451984514133,206.82680154858676,251.27,3.740000000000009,6.045707142857141,421350759.0,0.0,0.0,0.0081254534529645,0.0458692869823706,0.0092985795844747,30258030.5,1.1046929178024327,464174487414.96,2278313843.0,203.7359729174766,98.29763866007688,97.23032456859409,6,10,0.0,0.0,251.27,245.47,245.0,245.02,242.21,240.48789138655877,229.66611150359805,10.821779882960726,1,265.4114142857143,241.2285857142857,0.3554921844097677,41.481618002681785,9.304240670262551,56.21856480825499,147.5041502920266,14241885.094212089,1.0875648624959042,0.47713603936504967,0.09194361825940756,0.1971644612476371,0.41117486491003286,4.9329295121225485,0,1,0,0,0,0
35694615.0,254.6256,253.01,252.47,257.71,252.2,1730001600000,393045,2024-10-27,233.273,213.722,,,1,1,0,0,91.98312236286915,10.976004282446128,9.71420206152206,1.2618022209240678,258.4248312402264,208.1211687597736,253.32,5.509999999999991,5.913564285714285,385656144.0,0.0,0.0,-0.0033610818726937,0.0304056811688842,0.0105705433687473,30746101.05,1.1609476903088498,473186306864.01,2314008458.0,204.48771707299005,86.44769171084965,94.81663646534578,6,10,0.0,0.0,253.32,251.27,245.47,245.0,245.02,242.33129271170358,231.35528842925746,10.976004282446127,1,264.2971285714286,240.64287142857142,0.2714394722781827,46.962250220502476,4.813509859920882,60.09176278187748,137.2248197895683,14122113.96382365,1.034150428828712,0.32059129291745386,0.088138953538488,0.17030547443563715,0.3745848532694507,2.8764512233371873,0,1,0,0,0,0
40300897.0,248.9182,253.32,247.96,253.9893,244.9506,1730606400000,423438,2024-11-03,234.932,214.97080000000005,,,1,1,0,0,79.98409331919405,10.61198061500653,9.893757772218954,0.7182228427875756,259.3131433607806,210.55085663921943,252.47,9.038699999999976,5.86525714285714,345355247.0,0.0,0.0,-0.018024986941817,0.0120816326530612,0.0151857353770909,31513295.85,1.2788537635615158,483179317284.13,2354309355.0,205.23187246313685,74.06914893617027,86.27149310236558,6,11,0.0,0.0,252.47,253.32,251.27,245.47,245.0,243.1972476791338,232.58526706412727,10.61198061500653,1,259.6905142857143,236.22948571428572,0.2648886811617516,42.62387716010214,13.68165565586189,61.04139106864583,92.46037169115459,13402198.546269093,0.30597877983692967,0.29375283395119467,0.07207401962903726,0.1544836576962474,0.3365674859853385,0.7955903614245672,0,1,0,0,0,0
45740960.0,239.3383,242.73,236.59,242.73,236.1326,1731214800000,471677,2024-11-10,236.011,215.8624,,,1,1,0,0,62.45083833574829,9.29883408792415,9.774773035359994,-0.4759389474358446,258.5179288980314,213.50407110196863,247.96,11.827400000000011,6.336499999999999,299614287.0,0.0,0.0,-0.0469387576095213,-0.0361755000611072,0.0268296389037469,32695624.75,1.3989933010838094,494001171010.53,2400050315.0,205.82950612455392,35.194845044492205,65.23722856383736,6,11,0.0,0.0,247.96,252.47,253.32,251.27,245.47,242.18074803619012,232.88191394826598,9.29883408792415,1,249.263,223.917,0.17772494542615036,39.4539572274629,22.60429935153426,59.43230806751255,20.333833276984066,11304784.789211504,-1.0338627080169382,1.8135358116992808,0.02584225816242469,0.10036742477094096,0.23217540753085775,-1.3483404196189501,0,1,0,0,0,0
34776218.0,245.0126,240.46,249.84,250.39,240.45,1731819600000,336309,2024-11-17,237.4565,217.1464,,,1,1,0,0,66.48808424164048,9.22102602154422,9.66402363259684,-0.4429976110526201,259.59569627219867,215.31730372780137,236.59,13.799999999999985,6.78935714285714,334390505.0,0.0,0.0,0.0544920277506258,-0.005691089266526,0.0373106329208954,33448412.85,1.0396971047910275,502689661315.65,2434826533.0,206.45810060903017,73.27674023769107,60.84691140611784,6,11,0.0,0.0,236.59,247.96,252.47,253.32,251.27,243.35909449216086,234.13806847061664,9.221026021544219,1,263.41871428571426,236.26128571428572,0.19351499719888432,37.79023892039114,21.096569207993955,57.536676643618286,70.2795423027772,13252394.107018681,-0.12367323183203933,1.8126565074740029,0.046757164404223284,0.13085592721676553,0.3458306399482871,-0.15253259716247802,0,1,0,0,0,0
25288087.0,243.4482,244.27,245.59,245.81,241.48,1732424400000,273438,2024-11-24,238.58049999999997,218.3182,,,1,1,0,0,61.6281062553556,8.715951029120703,9.474409111901611,-0.7584580827809102,259.9210879413899,217.2399120586101,249.84,8.360000000000014,6.9757857142857125,309102418.0,0.0,0.0,-0.0171572341431573,-0.0305147639349439,0.0374537025424616,33225078.75,0.7611144337769252,508900162601.98,2460114620.0,206.8603464508414,58.47893114080168,55.65017214099498,6,11,0.0,0.0,249.84,236.59,247.96,252.47,253.32,243.7023107241361,234.9863596950154,8.715951029120703,1,259.54157142857144,231.6384285714286,0.19774225590051395,34.74263011491359,20.53276128438856,55.63531241644838,46.51068870404016,12822221.317433346,0.2491470841372811,1.4254480846599356,0.01395483258329544,0.10075747389180223,0.3133155080213903,-0.8147326890585024,0,1,0,0,0,0
21253308.0,243.8476,244.46,242.95,245.34,242.15,1733029200000,257524,2024-12-01,239.6415,219.3718,,,1,1,0,0,59.674742781281104,8.01031163586444,9.18158961669418,-1.171277980829739,259.5141845324506,219.76881546754944,245.59,3.4399999999999977,7.0029357142857105,287849110.0,0.0,0.0,-0.0108078179797538,-0.0377074503901454,0.0374607487259066,32316297.75,0.6576653106867726,514063653780.58,2481367928.0,207.1694600304272,49.43473792394653,60.39680310081309,6,12,0.0,0.0,245.59,249.84,236.59,247.96,252.47,243.58657061273055,235.57625897686611,8.01031163586444,1,256.9558714285714,228.94412857142856,0.24317944321951293,34.60793483196255,20.453156888238382,53.89613280617326,35.53194331384271,12593756.261364285,0.5409585894275888,1.6385705386297207,-0.008448289935515607,0.09570197988544615,0.27686971146265815,-1.006585335498509,0,1,0,0,0,0
36701151.0,247.8939,246.28,244.29,251.26,244.27,1733634000000,376796,2024-12-08,240.8245,220.43420000000003,,,1,1,0,0,61.20774532326878,7.473069243588299,8.839885542073004,-1.3668162984847054,258.6426970557005,223.00630294429948,242.95,8.310000000000002,7.284364285714283,324550261.0,0.0,0.0,0.0055003832952375,-0.0148007743184385,0.0373148493279269,32515636.25,1.1287231385484575,523029377958.37,2518069079.0,207.7104962370931,50.87847730600296,52.930715456917056,6,12,0.0,0.0,242.95,245.59,249.84,236.59,247.96,243.69479051846432,236.22172127487602,7.473069243588299,1,258.85872857142857,229.7212714285714,0.1933673201796036,39.07586797562727,17.67229417826713,53.29496581955646,55.09050475042501,12796182.860829193,0.46072184808519756,1.5078672436603344,-0.0028979591836735263,0.10723836286996336,0.2778678662970131,-0.3966455879779083,0,1,0,0,0,0
32871096.0,241.7327,245.41,242.1,245.54,238.73,1734238800000,325789,2024-12-15,241.6625,221.4892,,,1,1,0,0,53.10457516339868,6.792288802419364,8.430366194142277,-1.6380773917229128,257.9227581386898,225.40224186131024,244.29,6.810000000000002,7.157221428571426,291679165.0,0.0,0.0,-0.0090051802031368,0.0232892345407667,0.029094260798247,32396803.5,1.0146401017618911,530987470299.97,2550940175.0,208.1536350808266,30.343596608656817,43.55227061286877,6,12,0.0,0.0,244.29,242.95,245.59,249.84,236.59,243.44943813100826,236.6571493285889,6.792288802419364,1,256.41444285714283,227.78555714285713,0.1774562953501362,33.69224489215266,23.515111109207904,49.93966095169933,9.43801891416191,12501501.538466427,0.6009467071863608,1.5391781347516402,-0.01372876522589317,0.07437649773675337,0.2785846316345393,0.8004749355041383,0,1,0,0,0,0
17557674.0,241.7229,241.6,241.4,243.56,240.65,1734843600000,185105,2024-12-22,242.50449999999995,222.523,,,0,1,0,0,49.22488038277511,6.125668356461716,7.969426626606165,-1.8437582701444484,256.6412389599241,228.36776104007575,242.1,2.9099999999999966,6.841864285714284,274121491.0,0.0,0.0,-0.0028955552805816,-0.0337816202369516,0.008583634683191,31306828.9,0.560825692569585,535225892803.56995,2568497849.0,208.38089975895863,24.411652933161612,35.21124228260713,6,12,0.0,0.0,242.1,244.29,242.95,245.59,249.84,243.134139957007,237.00847160054528,6.125668356461716,1,255.08372857142857,227.71627142857145,0.12469802189599359,31.43984356483457,24.59897625807934,45.9846245402769,-2.6000916434177017,12450735.855690716,0.9673233823542158,3.268007525263553,-0.0392804552871413,0.07499109369433565,0.27246850455959093,-3.93557998773001,0,1,0,0,0,0
17162086.0,243.3148,241.08,243.49,245.53,239.58,1735448400000,206938,2024-12-29,243.0795,223.6342,,,1,1,0,0,48.51542790607413,5.700302840609282,7.5156018694067885,-1.8152990287975064,256.32280293512775,229.8361970648722,241.4,5.949999999999989,6.898292857142855,291283577.0,0.0,0.0,0.0086205652541026,-0.0085508367604544,0.0086038568447511,30428391.3,0.5640155547756479,539404689123.7099,2585659935.0,208.61393326408563,34.09771334822555,29.617654296681327,6,12,0.0,0.0,241.4,242.1,244.29,242.95,245.59,243.188887655929,237.4885848153197,5.700302840609282,1,257.2865857142857,229.6934142857143,0.0805875012811241,28.309281485967084,24.397754721468623,41.56502465277481,1.5855928684020217,12599322.26720687,0.9589854085321565,3.2270223188054055,-0.03880467393020681,0.04957110220268124,0.29564199435960203,-0.9938364824498589,0,1,0,0,0,0
27532701.0,246.3279,242.33,248.21,249.04,242.05,1736053200000,285467,2025-01-05,243.88900000000004,224.8582,,,1,1,0,0,52.85434821269785,5.678602760205138,7.148202047566459,-1.469599287361321,256.2347453144153,231.54325468558477,243.49,6.989999999999981,7.077578571428568,318816278.0,0.0,0.0,0.0191992881299873,0.0216505453797077,0.0108501098032827,30270388.55,0.9095588896892438,546238580838.92,2613192636.0,209.03111898977508,55.972452658800506,38.16060631339589,6,1,0.0,0.0,243.49,241.4,242.1,244.29,242.95,243.96136647809377,238.28276371788863,5.678602760205138,1,262.36515714285713,234.05484285714286,0.10007982925491576,31.134538544646045,23.693938905286043,37.22436098463494,44.34925216923935,13133037.609602861,0.6257702454931954,1.837592752828838,-0.01687329187626252,0.06977846737350224,0.32725522699320897,1.9954199374975874,0,1,0,0,0,0
37150711.0,248.4665,246.34,249.27,251.39,245.151,1736658000000,335532,2025-01-12,244.788,226.0714,,,1,1,0,0,53.34389299542415,5.681446255498713,6.85485088915291,-1.1734046336541972,255.8194299306923,233.75657006930768,248.21,6.238999999999976,7.145364285714281,355966989.0,0.0,0.0,0.0042614842974783,0.0203856072700479,0.0108295109339764,30937144.3,1.2008448691885245,555499138569.89,2650343347.0,209.59516026430143,60.8850000463449,50.31838868445698,6,1,0.0,0.0,248.21,243.49,241.4,242.1,244.29,244.7780793276178,239.0966330721191,5.681446255498713,1,263.56072857142857,234.97927142857145,0.13703666462860833,33.18835088552033,21.599818461560037,34.188407910714616,71.95488288190275,13291692.593930645,0.38409455142631405,2.0891625380153025,0.0052831101790611346,0.07773790479484632,0.3216160330841418,1.882410809705382,0,1,0,0,0,0
26661759.0,254.2148,251.95,255.65,257.07,251.83,1737262800000,263944,2025-01-19,246.03900000000004,227.43239999999997,,,1,1,0,0,53.81533101045296,6.1278741078740495,6.709455532897138,-0.5815814250230886,255.9254413266478,236.1525586733523,249.27,7.799999999999983,7.194649999999994,382628748.0,0.0,0.0,0.0252726751810085,0.0559686080132177,0.0113471878582519,31157640.55,0.8557053271480789,562315217258.24,2677005106.0,210.0538456194637,90.45297394496104,69.10347555003548,6,1,0.0,0.0,249.27,248.21,243.49,241.4,242.1,246.4506825079843,240.32280840011026,6.1278741078740495,1,270.03929999999997,241.2607,0.15688888060064748,33.1893440628811,21.451852614546766,31.030056759649842,163.1625831645538,13974093.293653835,1.2040575986844446,1.7172391647899619,0.08056130859292443,0.10848545288991018,0.36273987206823044,4.932372618541788,0,1,0,0,0,0
38433478.0,256.3455,253.86,258.56,259.99,251.92,1737867600000,400066,2025-01-26,247.033,228.8768,,,1,1,0,0,54.49708204600069,6.639942948249313,6.695553015967573,-0.05561006771826,257.7654693778903,236.30053062210965,255.65,8.070000000000022,7.503935714285709,421062226.0,0.0,0.0,0.0113184538067222,0.0710853355426677,0.0084368393090457,31581582.9,1.216958571129758,572252577329.92,2715438584.0,210.74038672859928,94.00605262937285,81.78134220689293,6,1,0.0,0.0,255.65,249.27,248.21,243.49,241.4,248.3136544298329,241.67371148158358,6.639942948249313,1,273.56787142857144,243.5521285714286,0.14995464070128522,32.15455508279421,20.567683051982492,28.074218848823005,174.80316271712826,14411571.95972072,0.06720425737459158,-0.7926336154119146,0.03490233749599736,0.0832914362326127,0.387571106579371,8.42557842848425,0,1,0,0,0,0
51725107.0,262.9831,259.75,263.9,266.345,259.5236,1738472400000,477820,2025-02-02,248.1175,230.3824,,,1,1,0,0,59.10756972111552,7.391450524631637,6.834732517700386,0.5567180069312503,260.97169919100725,235.26330080899277,258.56,7.785000000000025,7.666435714285711,472787333.0,0.0,0.0,0.0204424681765477,0.0838227442605443,0.0083008165027649,32441017.45,1.594435411272836,585902833067.2201,2767163691.0,211.73407087293995,91.9072963418992,92.12210763874435,6,2,0.0,0.0,258.56,255.65,249.27,248.21,243.49,250.71155374832014,243.3201032236885,7.391450524631637,1,279.2328714285714,248.56712857142855,0.12135622085026126,33.88145543199147,20.131724463115983,24.07778547119,224.28399260463152,15479842.656580245,-0.08107584185072657,-1.0861105144870287,0.0745551528971049,0.08955039015730137,0.3991093203265823,10.098120257377264,0,1,0,0,0,0
49170628.0,267.8281,268.0,266.29,270.39,265.45,1739077200000,438496,2025-02-09,249.18100000000004,231.8504,,,1,1,0,0,65.11627906976744,8.086660728069262,7.0851181597741615,1.0015425682951005,264.27975686761516,234.08224313238492,263.9,6.490000000000009,7.484385714285714,521957961.0,0.0,0.0,0.0090156969720321,0.0728415454655333,0.0085940668493578,33077590.95,1.4865238546037465,598996479597.3401,2816334319.0,212.68656762668243,88.03178291405662,91.3150439617762,6,2,0.0,0.0,263.9,258.56,255.65,249.27,248.21,253.1082377870401,245.02157705897085,8.086660728069262,1,281.25877142857144,251.3212285714286,0.06899301254186178,38.56600503156417,13.702813666003465,23.80391628282927,220.68159939715372,15925154.520619666,-0.15421358541087335,-0.4107302117134865,0.09606915003087058,0.08680924006203572,0.38052776193685545,8.475784745976114,0,1,0,0,0,0
31697732.0,270.6745,269.68,270.74,271.84,269.24,1739682000000,305530,2025-02-16,250.468,233.2326,,,1,1,0,0,81.79110035375163,8.894171164060936,7.446928760631517,1.447242403429419,268.2209924534603,232.71500754653977,266.29,5.5499999999999545,7.035999999999995,553655693.0,0.0,0.0,0.0165730102763297,0.0861315039916557,0.0066213374168039,32867739.55,0.9644025550275482,607578323559.0201,2848032051.0,213.33268470264844,96.67774086378748,92.2056067065811,6,2,0.0,0.0,266.29,263.9,258.56,255.65,249.27,255.82081658903394,246.926645424973,8.894171164060936,1,284.812,256.668,0.07051393199289309,42.49573620944369,5.624137090308628,27.337710356973464,199.22499619555663,16454858.630424762,-0.48535424888024287,-0.3923423395313895,0.10827295427565597,0.10506122448979593,0.342756534245896,13.008153562984475,0,1,0,0,0,0
43609287.0,266.6573,271.45,263.27,272.32,261.25,1740286800000,489032,2025-02-23,251.358,234.5038,,,1,1,0,0,64.01001460463172,8.829580523723251,7.723459113249864,1.1061214104733876,269.8262984141955,232.88970158580452,270.74,11.069999999999991,6.840999999999996,510046406.0,0.0,0.0,-0.0279788292200819,0.0298063759045568,0.0194437359392281,33737651.15,1.2925999740204204,619059340547.5101,2891641338.0,214.0857970220061,73.05745757665969,85.92232711816793,6,2,0.0,0.0,270.74,266.29,263.9,258.56,255.65,256.96684480610566,248.1372642823824,8.829580523723251,1,276.952,249.588,-0.004584047876231615,35.709065087005946,14.12700732828047,28.40609279300579,127.37306765712042,15251632.753605668,-1.6155410939678712,3.2898142882533667,0.0874432052870715,0.07251395282519235,0.3182614791447598,1.5329544007475384,0,1,0,0,0,0
39628977.0,268.2941,265.07,268.39,270.34,265.07,1740891600000,430242,2025-03-02,252.214,235.8646,,,1,1,0,0,73.36065573770489,9.086786369342178,7.996124564468327,1.090661804873851,272.1905508850538,232.23744911494617,263.27,7.069999999999993,6.748857142857138,549675383.0,0.0,0.0,0.0192610250417354,0.038018254950495,0.020305088045168,34319115.2,1.154720241738633,629695361684.5402,2931270315.0,214.81995654315497,88.3000893122953,86.01176258424748,6,3,0.0,0.0,263.27,270.74,266.29,263.9,258.56,258.72425329747404,249.63746692813186,9.086786369342178,1,281.88771428571425,254.89228571428572,-0.02914287191951304,36.19660471231143,14.319884846712727,29.663142193930288,125.87241728298387,16022325.814873572,-2.1311119666964213,5.439756059549889,0.11180613090306535,0.06813387989015784,0.3396056900424258,1.872350227806075,0,1,0,0,0,0
50338436.0,272.006,267.62,275.24,276.3,265.64,1741496400000,480645,2025-03-09,253.31,237.255,,,1,1,0,0,80.45651763818147,9.731186546173632,8.343136960809389,1.388049585364243,275.79038396375563,230.82961603624435,268.39,10.660000000000023,7.264571428571425,600013819.0,0.0,0.0,0.0252022977549856,0.0429708222811673,0.0211593619840869,35164745.4,1.4315029279296303,643550512809.1802,2981608751.0,215.8400268289192,97.17859994676604,86.17871561190701,6,3,0.0,0.0,268.39,263.27,270.74,266.29,263.9,261.265137405555,251.53395085938135,9.731186546173632,1,289.76914285714287,260.71085714285715,-0.002871067573091922,39.48713914502016,13.303311569525,31.369724180148346,135.74577840113528,17307091.59079668,-2.1597175395154755,5.366427177050505,0.13039549878845125,0.08653087004579185,0.3379350573595179,2.0308174700782184,0,1,0,0,0,0
41764705.0,278.8145,275.54,278.49,281.479,275.39,1742097600000,413856,2025-03-16,254.61099999999996,238.522,,,1,1,0,0,81.13619810633648,10.384421026070925,8.751393773861697,1.633027252209228,279.74211378351515,229.47988621648472,275.24,6.238999999999976,7.1166428571428515,641778524.0,0.0,0.0,0.0117387077456718,0.0458147132825115,0.0212136724587906,35468249.9,1.177523704094574,655181565504.6301,3023373456.0,216.7054699128873,93.00802357949898,92.82890427952007,6,3,0.0,0.0,275.24,268.39,263.27,270.74,266.29,263.91511626623884,253.53069524016792,10.384421026070925,1,292.72328571428574,264.2567142857143,0.043614443452715757,39.564200612290705,13.579838004117168,32.16811339196427,148.85798039676658,17800244.080442082,-2.0722017210245727,5.189686545428229,0.12199347326860321,0.10306174991088057,0.2944594217718697,2.1596775275349067,0,1,0,0,0,0
34721126.0,280.5625,278.91,284.06,284.64,276.86,1742702400000,396526,2025-03-23,256.416,239.8654,,,1,1,0,0,85.9862778730703,11.22220392597825,9.245555804285008,1.9766481216932412,284.5428498058348,228.2891501941652,278.49,7.779999999999973,7.185928571428564,676499650.0,0.0,0.0,0.0198033313730311,0.0491984930191327,0.0215500429626998,35189261.35,0.986696641758296,665044448556.1902,3058094582.0,217.4702026780512,98.71282734132272,96.29981695586258,6,3,0.0,0.0,278.49,275.24,268.39,263.27,270.74,267.01432914835596,255.7921252223777,11.22220392597825,1,298.43185714285715,269.68814285714285,0.10507125925888625,42.324781562943,7.942109081444696,35.78313718932784,143.47171762695265,18494691.535718754,-2.426217478264546,6.6809224087240295,0.13956753720864912,0.14558799806420386,0.3096961593434462,2.2829871046854766,0,1,0,0,0,0
82926283.0,285.4895,287.53,279.72,289.13,278.02,1743307200000,811156,2025-03-30,258.5725,241.0392,,,1,1,0,0,80.93316112366807,11.404487349826129,9.677342113393232,1.7271452364328947,286.9118524978957,230.23314750210423,284.06,11.110000000000014,7.771642857142851,593573367.0,0.0,0.0,-0.0153963806173158,0.0624833820792343,0.0161126573236078,37048527.5,2.238315220490207,688240588436.9502,3141020865.0,219.11366336528624,81.00908173562064,90.90997755214744,6,3,0.0,0.0,284.06,278.49,275.24,268.39,263.27,268.9690477409166,257.5645603910905,11.404487349826127,1,295.26328571428576,264.1767142857143,0.07530364684654682,43.26167476602103,7.343547511801753,39.98097602301262,127.60319731749213,17227705.44749796,-1.5549298465691272,1.553542177317642,0.09415216115783309,0.18229849106048457,0.2655295661222459,3.8779043112052283,1,1,0,0,0,0
98184260.0,285.6397,278.855,297.93,299.275,272.58,1743912000000,984268,2025-04-06,260.97700000000003,242.6654,,,1,1,0,0,84.87061234947475,12.869985902985263,10.315870871311638,2.554115031673625,293.9744117645292,227.97958823547089,279.72,26.694999999999993,9.253428571428566,691757627.0,0.0,0.0,0.0630694567477107,0.1100637132531019,0.0282813131237345,40218929.6,2.441244980323892,717492625018.7502,3239205125.0,221.50268270483497,97.64962865880302,92.4571792452488,6,4,0.0,0.0,279.72,284.06,278.49,275.24,268.39,273.4245788576987,260.5545929547134,12.869985902985263,1,316.43685714285715,279.42314285714286,0.1406806167355941,42.64442522905453,6.167598109876844,44.78868485822526,144.96258204690284,23619580.803568307,0.17417961857102637,1.7407618114723757,0.15226639851485158,0.1924831892411143,0.3753577693657095,3.89174554427877,1,1,0,0,0,0
59328878.0,302.4351,295.54,306.12,308.0599,294.53,1744516800000,573367,2025-04-13,264.00350000000003,244.5286,,,1,1,0,0,85.51453452716791,14.524835357420612,11.157663768533434,3.36717158888718,301.8115338301962,226.19546616980384,297.93,13.529900000000056,9.720564285714286,751086505.0,0.0,0.0,0.0271186223583435,0.1121929952041853,0.0283673272951198,41920969.15,1.415255400888078,735654381152.1102,3298534003.0,223.02464685312816,96.9163345726916,91.85834832237174,6,4,0.0,0.0,297.93,279.72,284.06,278.49,275.24,278.45464364882196,263.92980829140134,14.524835357420613,1,325.5611285714286,286.6788714285714,0.15834314045736939,44.4711836949155,5.8712053014359755,49.29612910824047,180.5057775664852,25250512.602380116,0.08428592420712415,1.4590861067764354,0.15998484274346358,0.24646769005252667,0.4374530428249437,3.955006211439045,0,1,0,0,0,0
102560912.0,309.6132,315.015,304.73,317.63,300.59,1745121600000,1015093,2025-04-20,267.09250000000003,246.249,,,1,1,0,0,83.87490838016126,15.544961450127287,12.035123304852206,3.509838145275083,307.65287676301705,226.532123236983,306.12,17.04000000000002,10.492064285714289,648525593.0,0.0,0.0,-0.0045510432974988,0.0942224137311933,0.0305840015958815,45986349.35,2.23024687651141,766907767865.8702,3401094915.0,225.4884932741932,80.39513677811554,91.65370000320338,6,4,0.0,0.0,306.12,297.93,279.72,284.06,278.49,282.4970061643878,266.9520447142605,15.544961450127289,1,325.7141285714286,283.74587142857143,0.09853611465490504,46.11648667488717,5.439485216007512,53.42092880737487,175.56972630769397,24784813.96236966,0.2177466041823537,0.938800733266704,0.1443538998835856,0.25429100637991375,0.39330620456312015,3.0807735419470434,1,1,0,0,0,0
48198662.0,301.7073,304.15,297.98,309.11,295.32,1745726400000,552663,2025-04-27,269.77700000000004,247.7354,,,1,1,0,0,75.73878146661804,15.628593443557008,12.753817332593169,2.8747761109638414,311.0830149054399,228.4709850945602,304.73,13.79000000000002,10.919921428571431,600326931.0,0.0,0.0,-0.0223997684850282,0.0490037316059988,0.0354081068552468,46561224.9,1.0351673974109732,781270005168.6302,3449293577.0,226.50145246498113,70.09587581798816,82.46911572293176,6,4,0.0,0.0,304.73,306.12,297.93,279.72,284.06,284.87900521602046,269.25041177246345,15.628593443557008,1,319.8198428571429,276.14015714285716,0.1047150282602056,40.5942219599569,8.673531794860265,56.514443027806685,128.49939040286293,23717177.14124933,0.39493622770278325,0.08605814914816534,0.10061313437246078,0.2197797699455566,0.3322900831619424,1.3839688737566227,0,1,0,0,0,0
47119969.0,309.2171,305.92,306.84,315.62,303.05,1746331200000,535615,2025-05-04,273.014,249.5538,,,1,1,0,0,77.37582218190066,16.222794082927237,13.44761268265998,2.7751814002672557,315.3223266160768,230.70567338392323,297.98,17.639999999999986,11.60349285714286,647446900.0,0.0,0.0,0.0293000689319023,0.0969540969540967,0.0330964499437194,47273668.55,0.9967487281035228,795728296456.5902,3496413546.0,227.58414758086235,81.43061693720482,77.30720984443617,6,5,0.0,0.0,297.98,304.73,306.12,297.93,279.72,288.25761979817116,272.0348257152439,16.222794082927237,1,330.0469857142857,283.63301428571424,0.08370996317702117,40.41270823991957,8.162566812815433,59.686935289003415,139.3679115289255,25118220.58490326,0.21850759470161765,0.49456093974175275,0.16549549891746107,0.26741016109045845,0.42108188217858467,2.9294401008134203,0,1,0,0,0,0
67080854.0,295.8803,298.33,294.24,300.3,291.78,1746936000000,773667,2025-05-11,275.65600000000006,251.1326,,,1,1,0,0,65.89480301760273,15.498332543027232,13.857756654733432,1.6405758882937995,316.21516712525965,235.09683287474047,306.84,15.060000000000002,12.123135714285716,580366046.0,0.0,0.0,-0.0419306782350845,-0.0123854596717349,0.0309979549653588,49749827.55,1.3483635482471137,815466166937.5502,3563494400.0,228.83890793754304,58.51365732529268,70.01338336016188,6,5,0.0,0.0,306.84,297.98,304.73,306.12,297.93,289.1779859830679,273.6796534400407,15.498332543027232,1,318.48627142857146,269.99372857142856,0.05960708584575048,34.936152183933046,14.452884949352882,60.83101070947215,78.90440291657845,22363629.39601003,-0.03447122014006263,-0.08921846978537674,0.09631506389954936,0.21888980944490477,0.3666511843938689,-0.3995571865951858,0,1,0,0,0,0
59965397.0,303.7315,297.845,309.75,310.25,296.482,1747540800000,733317,2025-05-18,278.969,253.0956,,,1,1,0,0,70.01658069270451,15.991380253441434,14.284481374475034,1.7068988789664008,319.28929286652203,238.64870713347793,294.24,16.00999999999999,12.803135714285714,640331443.0,0.0,0.0,0.0513697596532407,0.0118580948647588,0.0379150255886177,51889993.1,1.155625457194366,834040448658.3002,3623459797.0,230.17792258902224,86.02341255764456,75.32256227338068,6,5,0.0,0.0,294.24,306.84,297.98,304.73,306.12,292.3429112164421,276.35153096300064,15.991380253441434,1,335.3562714285714,284.1437285714286,0.10553578704466868,36.37501750205306,13.685263486585317,60.67079218123659,106.58525007755564,25524529.706878703,-0.05275824507541089,-0.7344296149598927,0.12538148524923698,0.2721261653455993,0.46384688090737236,0.3127544173615035,0,1,0,0,0,0
37437491.0,304.2368,303.81,303.6,306.89,301.5,1748145600000,451008,2025-05-25,281.7385,254.853,,,1,1,0,0,64.90114275349177,15.704834952444685,14.568552090068964,1.1362828623757206,320.75095699840807,242.72604300159193,309.75,8.25,12.99599285714286,602893952.0,0.0,0.0,-0.0200544749877769,-0.0037082007022609,0.0392323184228775,52385232.6,0.7146573402825742,845406470925.9001,3660897288.0,230.92875992370648,75.11528910961337,73.21745299751687,6,5,0.0,0.0,309.75,294.24,306.84,297.98,304.73,294.07477102929715,278.36993607685247,15.704834952444685,1,329.5919857142857,277.6080142857143,0.0766107395969309,35.038272784356145,13.482177747455014,58.37096012234837,91.13635031647455,24781218.74755667,0.19096054207287055,-1.1525920605778883,0.09016481740816551,0.22315780991902034,0.40731469892921734,-0.0945190064247765,0,1,0,0,0,0
49014362.0,309.4462,309.21,305.18,312.2,305.1,1748750400000,658398,2025-06-01,284.534,256.661,,,1,1,0,0,70.07760850819206,15.4274010561943,14.740321883294031,0.6870791729002672,321.72021725430295,247.34778274569703,303.6,8.599999999999966,12.819564285714288,651908314.0,0.0,0.0,0.0051907209421146,0.0241626954829183,0.0373183824163642,52978415.15,0.9251760714476563,860364673921.0602,3709911650.0,231.90974747904312,76.31278538812788,79.1504956851286,6,6,0.0,0.0,303.6,309.75,294.24,306.84,297.98,295.7832677940207,280.3558667378264,15.427401056194299,1,330.81912857142856,279.54087142857145,0.019302561351905393,38.47913261825373,9.21582469600228,59.660177507225,94.43203369362645,25036300.078123208,0.34914128593393434,-1.0021126065813009,0.0743504893332394,0.22429494122838678,0.42089580035385055,0.6474741787731163,0,1,0,0,0,0
51603860.0,311.1312,305.39,316.29,317.6,305.06,1749355200000,650749,2025-06-08,287.566,258.68660000000006,226.1238,,1,1,1,0,71.70170351576664,15.92049528498734,14.976356563632692,0.944138721354646,324.72474248622933,250.40725751377065,305.18,12.54000000000002,13.210278571428574,703512174.0,0.0,0.0,0.0357577477933784,0.0307978099335159,0.0384732276150291,54225520.2,0.9516526500745308,876686458800.4602,3761515510.0,233.0673518345961,97.42258126562804,82.95021858778976,6,6,0.0,0.0,305.18,303.6,309.75,294.24,306.84,298.93814967186364,283.0176543868763,15.92049528498734,1,342.71055714285717,289.8694428571429,0.04523984426814013,40.260857479470225,8.943252520956728,61.113195710762135,105.0674485953808,26914925.429063637,-0.09601600278184325,-1.1388421390410275,0.13073788073788073,0.23719929591238031,0.47104785823915174,0.8004995639224578,0,1,0,0,0,0
39248051.0,311.7518,314.8,310.13,314.87,309.25,1749960000000,468512,2025-06-15,290.1445,260.4706,227.40329999999997,,1,1,1,0,65.9068113431203,15.633996515124466,15.107884553931047,0.5261119611934166,325.9612279207269,254.32777207927305,316.29,7.0400000000000205,12.951707142857146,664264123.0,0.0,0.0,-0.0196679498437322,0.0540035345296356,0.0323270738921356,54266248.85,0.723249751581088,888858456857.0902,3800763561.0,233.86312844549244,83.35183129855716,85.69573265077103,6,6,0.0,0.0,316.29,305.18,303.6,309.75,294.24,300.6599727992692,285.02597628414475,15.633996515124466,1,336.0334142857143,284.2265857142857,-0.0024936827093167734,37.77770056579536,9.121798063624176,61.93470324794962,90.78360906018068,26150538.334435284,0.1132240687417849,-1.2826378313820814,0.04094921625885273,0.1994508044554455,0.4037477934187299,1.670535292011704,0,1,0,0,0,0
51545073.0,306.0213,310.34,301.22,312.67,299.89,1750564800000,689220,2025-06-22,292.0105,262.0328,228.5969,,1,1,1,0,59.854331050030375,14.520597233720594,14.99042708988896,-0.4698298561683653,325.90735374314585,258.1136462568541,310.13,12.78000000000003,13.418921428571435,612719050.0,0.0,0.0,-0.0291506696295331,-0.0275383373688457,0.0264025326659796,54257247.15,0.950012684158083,904384863746.1504,3852308634.0,234.76438407975965,63.57380688124315,81.44940648180945,6,6,0.0,0.0,310.13,316.29,305.18,303.6,309.75,300.7461308301509,286.2255335964303,14.520597233720594,1,328.0578428571429,274.3821571428572,-0.05360428363109141,33.70560439796334,13.786502959638215,61.43811042925001,56.27761756203732,24669654.187690377,0.5697459831605657,-0.9795318817341899,-0.016006794721024398,0.14141720348616915,0.35009636502173813,-1.0430183833896272,0,1,0,0,0,0
31119948.0,306.669,302.385,307.14,309.395,301.95,1751169600000,396445,2025-06-29,294.053,263.74100000000004,229.8664,,1,1,1,0,59.97579529737207,13.955049680099648,14.783351607931095,-0.8283019278314487,326.3074352560113,261.7985647439887,301.22,8.174999999999955,13.44713571428572,643838998.0,0.0,0.0,0.0194627749138441,0.0116600790513832,0.026898288618186,53354713.15,0.5832652105636894,913943044574.8702,3883428582.0,235.3443678122649,76.71476137624859,74.54679985201629,6,6,0.0,0.0,301.22,310.13,316.29,305.18,303.6,301.7298030101277,287.77475333002803,13.955049680099648,1,334.0342714285714,280.2457285714286,-0.012605769369487213,31.955822773094226,13.757576626049556,59.39591028551953,58.1073919265754,25281267.268362306,0.29105032534029684,-1.4170431425543657,0.007908640435795533,0.15340418340906514,0.3851982140441077,0.4334876051788567,0,1,0,0,0,0
46083126.0,305.9611,305.07,309.14,310.28,302.77,1751774400000,557610,2025-07-06,295.973,265.5112,231.18179999999995,,1,1,1,0,62.978648314805014,13.512469121791469,14.529175110703171,-1.0167059889117045,326.9298440523938,265.01615594760625,307.14,7.509999999999991,13.18999285714286,689922124.0,0.0,0.0,0.0064905790266257,0.0129759486204861,0.0269392386763274,54073982.85,0.8522236308694616,928189182146.5104,3929511708.0,236.2098019091868,81.15427302996669,73.8142804291528,6,7,0.0,0.0,307.14,301.22,310.13,316.29,305.18,302.86983331626186,289.3573641944704,13.512469121791469,1,335.5199857142857,282.76001428571425,0.012727369796599046,30.626573499139408,14.02578469857151,56.98167733690938,59.514318193017736,25581346.22909683,0.028566334433270908,-1.189692330255623,0.037452177998523295,0.1418334933884906,0.4011693785976522,0.48167448084357994,0,1,0,0,0,0
13866596.0,307.6317,309.07,306.73,309.38,305.79,1752379200000,189784,2025-07-13,298.146,267.13899999999995,232.49580000000003,,1,1,1,0,54.5109698585196,12.819479007768962,14.187235890116332,-1.3677568823473705,325.3057135090699,270.9862864909301,309.14,3.589999999999975,11.539635714285716,676055528.0,0.0,0.0,-0.0078263669327443,-0.0302254260330708,0.0195599959933507,52586848.3,0.2636894289783859,932442483137.5902,3943378304.0,236.4577809315832,57.83365570599626,71.90089670407052,6,7,0.0,0.0,309.14,307.14,301.22,310.13,316.29,303.46370511376006,290.6442261059911,12.819479007768962,1,329.80927142857144,283.6507285714286,0.03313896563766687,28.727076676180857,16.031701915817383,53.669877594439086,54.91052779563144,25473244.733463787,0.4078362138243934,-0.618134486856554,-0.00035849302568102814,0.1650776769096367,0.36118753883021215,-1.545266706121958,0,1,0,0,0,0
